Date,Content,Video title,Video publish time,Duration,Views
2026-04-06,6Rd-rL8wnqY,POV: Manhattan City Vibes,"Jun 5, 2026",34,0
2026-04-07,6Rd-rL8wnqY,POV: Manhattan City Vibes,"Jun 5, 2026",34,0
2026-04-08,6Rd-rL8wnqY,POV: Manhattan City Vibes,"Jun 5, 2026",34,0
2026-04-09,6Rd-rL8wnqY,POV: Manhattan City Vibes,"Jun 5, 2026",34,0
2026-04-10,6Rd-rL8wnqY,POV: Manhattan City Vibes,"Jun 5, 2026",34,0
2026-04-11,6Rd-rL8wnqY,POV: Manhattan City Vibes,"Jun 5, 2026",34,0
2026-04-12,6Rd-rL8wnqY,POV: Manhattan City Vibes,"Jun 5, 2026",34,0
2026-04-13,6Rd-rL8wnqY,POV: Manhattan City Vibes,"Jun 5, 2026",34,0
2026-04-14,6Rd-rL8wnqY,POV: Manhattan City Vibes,"Jun 5, 2026",34,0
2026-04-15,6Rd-rL8wnqY,POV: Manhattan City Vibes,"Jun 5, 2026",34,0
2026-04-16,6Rd-rL8wnqY,POV: Manhattan City Vibes,"Jun 5, 2026",34,0
2026-04-17,6Rd-rL8wnqY,POV: Manhattan City Vibes,"Jun 5, 2026",34,0
2026-04-18,6Rd-rL8wnqY,POV: Manhattan City Vibes,"Jun 5, 2026",34,0
2026-04-19,6Rd-rL8wnqY,POV: Manhattan City Vibes,"Jun 5, 2026",34,0
2026-04-20,6Rd-rL8wnqY,POV: Manhattan City Vibes,"Jun 5, 2026",34,0
2026-04-21,6Rd-rL8wnqY,POV: Manhattan City Vibes,"Jun 5, 2026",34,0
2026-04-22,6Rd-rL8wnqY,POV: Manhattan City Vibes,"Jun 5, 2026",34,0
2026-04-23,6Rd-rL8wnqY,POV: Manhattan City Vibes,"Jun 5, 2026",34,0
2026-04-24,6Rd-rL8wnqY,POV: Manhattan City Vibes,"Jun 5, 2026",34,0
2026-04-25,6Rd-rL8wnqY,POV: Manhattan City Vibes,"Jun 5, 2026",34,0
2026-04-26,6Rd-rL8wnqY,POV: Manhattan City Vibes,"Jun 5, 2026",34,0
2026-04-27,6Rd-rL8wnqY,POV: Manhattan City Vibes,"Jun 5, 2026",34,0
2026-04-28,6Rd-rL8wnqY,POV: Manhattan City Vibes,"Jun 5, 2026",34,0
2026-04-29,6Rd-rL8wnqY,POV: Manhattan City Vibes,"Jun 5, 2026",34,0
2026-04-30,6Rd-rL8wnqY,POV: Manhattan City Vibes,"Jun 5, 2026",34,0
2026-05-01,6Rd-rL8wnqY,POV: Manhattan City Vibes,"Jun 5, 2026",34,0
2026-05-02,6Rd-rL8wnqY,POV: Manhattan City Vibes,"Jun 5, 2026",34,0
2026-05-03,6Rd-rL8wnqY,POV: Manhattan City Vibes,"Jun 5, 2026",34,0
2026-05-04,6Rd-rL8wnqY,POV: Manhattan City Vibes,"Jun 5, 2026",34,0
2026-05-05,6Rd-rL8wnqY,POV: Manhattan City Vibes,"Jun 5, 2026",34,0
2026-05-06,6Rd-rL8wnqY,POV: Manhattan City Vibes,"Jun 5, 2026",34,0
2026-05-07,6Rd-rL8wnqY,POV: Manhattan City Vibes,"Jun 5, 2026",34,0
2026-05-08,6Rd-rL8wnqY,POV: Manhattan City Vibes,"Jun 5, 2026",34,0
2026-05-09,6Rd-rL8wnqY,POV: Manhattan City Vibes,"Jun 5, 2026",34,0
2026-05-10,6Rd-rL8wnqY,POV: Manhattan City Vibes,"Jun 5, 2026",34,0
2026-05-11,6Rd-rL8wnqY,POV: Manhattan City Vibes,"Jun 5, 2026",34,0
2026-05-12,6Rd-rL8wnqY,POV: Manhattan City Vibes,"Jun 5, 2026",34,0
2026-05-13,6Rd-rL8wnqY,POV: Manhattan City Vibes,"Jun 5, 2026",34,0
2026-05-14,6Rd-rL8wnqY,POV: Manhattan City Vibes,"Jun 5, 2026",34,0
2026-05-15,6Rd-rL8wnqY,POV: Manhattan City Vibes,"Jun 5, 2026",34,0
2026-05-16,6Rd-rL8wnqY,POV: Manhattan City Vibes,"Jun 5, 2026",34,0
2026-05-17,6Rd-rL8wnqY,POV: Manhattan City Vibes,"Jun 5, 2026",34,0
2026-05-18,6Rd-rL8wnqY,POV: Manhattan City Vibes,"Jun 5, 2026",34,0
2026-05-19,6Rd-rL8wnqY,POV: Manhattan City Vibes,"Jun 5, 2026",34,0
2026-05-20,6Rd-rL8wnqY,POV: Manhattan City Vibes,"Jun 5, 2026",34,0
2026-05-21,6Rd-rL8wnqY,POV: Manhattan City Vibes,"Jun 5, 2026",34,0
2026-05-22,6Rd-rL8wnqY,POV: Manhattan City Vibes,"Jun 5, 2026",34,0
2026-05-23,6Rd-rL8wnqY,POV: Manhattan City Vibes,"Jun 5, 2026",34,0
2026-05-24,6Rd-rL8wnqY,POV: Manhattan City Vibes,"Jun 5, 2026",34,0
2026-05-25,6Rd-rL8wnqY,POV: Manhattan City Vibes,"Jun 5, 2026",34,0
2026-05-26,6Rd-rL8wnqY,POV: Manhattan City Vibes,"Jun 5, 2026",34,0
2026-05-27,6Rd-rL8wnqY,POV: Manhattan City Vibes,"Jun 5, 2026",34,0
2026-05-28,6Rd-rL8wnqY,POV: Manhattan City Vibes,"Jun 5, 2026",34,0
2026-05-29,6Rd-rL8wnqY,POV: Manhattan City Vibes,"Jun 5, 2026",34,0
2026-05-30,6Rd-rL8wnqY,POV: Manhattan City Vibes,"Jun 5, 2026",34,0
2026-05-31,6Rd-rL8wnqY,POV: Manhattan City Vibes,"Jun 5, 2026",34,0
2026-06-01,6Rd-rL8wnqY,POV: Manhattan City Vibes,"Jun 5, 2026",34,0
2026-06-02,6Rd-rL8wnqY,POV: Manhattan City Vibes,"Jun 5, 2026",34,0
2026-06-03,6Rd-rL8wnqY,POV: Manhattan City Vibes,"Jun 5, 2026",34,0
2026-06-04,6Rd-rL8wnqY,POV: Manhattan City Vibes,"Jun 5, 2026",34,0
2026-06-05,6Rd-rL8wnqY,POV: Manhattan City Vibes,"Jun 5, 2026",34,2
2026-06-06,6Rd-rL8wnqY,POV: Manhattan City Vibes,"Jun 5, 2026",34,0
2026-06-07,6Rd-rL8wnqY,POV: Manhattan City Vibes,"Jun 5, 2026",34,0
2026-06-08,6Rd-rL8wnqY,POV: Manhattan City Vibes,"Jun 5, 2026",34,0
2026-06-09,6Rd-rL8wnqY,POV: Manhattan City Vibes,"Jun 5, 2026",34,0
2026-06-10,6Rd-rL8wnqY,POV: Manhattan City Vibes,"Jun 5, 2026",34,0
2026-06-11,6Rd-rL8wnqY,POV: Manhattan City Vibes,"Jun 5, 2026",34,0
2026-06-12,6Rd-rL8wnqY,POV: Manhattan City Vibes,"Jun 5, 2026",34,0
2026-06-13,6Rd-rL8wnqY,POV: Manhattan City Vibes,"Jun 5, 2026",34,0
2026-06-14,6Rd-rL8wnqY,POV: Manhattan City Vibes,"Jun 5, 2026",34,0
2026-06-15,6Rd-rL8wnqY,POV: Manhattan City Vibes,"Jun 5, 2026",34,0
2026-06-16,6Rd-rL8wnqY,POV: Manhattan City Vibes,"Jun 5, 2026",34,1
2026-06-17,6Rd-rL8wnqY,POV: Manhattan City Vibes,"Jun 5, 2026",34,0
2026-06-18,6Rd-rL8wnqY,POV: Manhattan City Vibes,"Jun 5, 2026",34,0
2026-06-19,6Rd-rL8wnqY,POV: Manhattan City Vibes,"Jun 5, 2026",34,0
2026-06-20,6Rd-rL8wnqY,POV: Manhattan City Vibes,"Jun 5, 2026",34,0
2026-06-21,6Rd-rL8wnqY,POV: Manhattan City Vibes,"Jun 5, 2026",34,0
2026-06-22,6Rd-rL8wnqY,POV: Manhattan City Vibes,"Jun 5, 2026",34,0
2026-06-23,6Rd-rL8wnqY,POV: Manhattan City Vibes,"Jun 5, 2026",34,0
2026-06-24,6Rd-rL8wnqY,POV: Manhattan City Vibes,"Jun 5, 2026",34,0
2026-06-25,6Rd-rL8wnqY,POV: Manhattan City Vibes,"Jun 5, 2026",34,0
2026-06-26,6Rd-rL8wnqY,POV: Manhattan City Vibes,"Jun 5, 2026",34,0
2026-06-27,6Rd-rL8wnqY,POV: Manhattan City Vibes,"Jun 5, 2026",34,0
2026-06-28,6Rd-rL8wnqY,POV: Manhattan City Vibes,"Jun 5, 2026",34,0
2026-06-29,6Rd-rL8wnqY,POV: Manhattan City Vibes,"Jun 5, 2026",34,0
2026-06-30,6Rd-rL8wnqY,POV: Manhattan City Vibes,"Jun 5, 2026",34,0
2026-07-01,6Rd-rL8wnqY,POV: Manhattan City Vibes,"Jun 5, 2026",34,0
2026-07-02,6Rd-rL8wnqY,POV: Manhattan City Vibes,"Jun 5, 2026",34,0
2026-07-03,6Rd-rL8wnqY,POV: Manhattan City Vibes,"Jun 5, 2026",34,0
2026-07-04,6Rd-rL8wnqY,POV: Manhattan City Vibes,"Jun 5, 2026",34,0
2026-07-05,6Rd-rL8wnqY,POV: Manhattan City Vibes,"Jun 5, 2026",34,0
2026-07-06,6Rd-rL8wnqY,POV: Manhattan City Vibes,"Jun 5, 2026",34,0
2026-07-07,6Rd-rL8wnqY,POV: Manhattan City Vibes,"Jun 5, 2026",34,0
2026-07-08,6Rd-rL8wnqY,POV: Manhattan City Vibes,"Jun 5, 2026",34,0
2026-07-09,6Rd-rL8wnqY,POV: Manhattan City Vibes,"Jun 5, 2026",34,0
2026-07-10,6Rd-rL8wnqY,POV: Manhattan City Vibes,"Jun 5, 2026",34,0
2026-07-11,6Rd-rL8wnqY,POV: Manhattan City Vibes,"Jun 5, 2026",34,0
2026-07-12,6Rd-rL8wnqY,POV: Manhattan City Vibes,"Jun 5, 2026",34,0
2026-07-13,6Rd-rL8wnqY,POV: Manhattan City Vibes,"Jun 5, 2026",34,0
2026-07-14,6Rd-rL8wnqY,POV: Manhattan City Vibes,"Jun 5, 2026",34,0
2026-07-15,6Rd-rL8wnqY,POV: Manhattan City Vibes,"Jun 5, 2026",34,0
2026-07-16,6Rd-rL8wnqY,POV: Manhattan City Vibes,"Jun 5, 2026",34,0
2026-07-17,6Rd-rL8wnqY,POV: Manhattan City Vibes,"Jun 5, 2026",34,0
2026-07-18,6Rd-rL8wnqY,POV: Manhattan City Vibes,"Jun 5, 2026",34,0
2026-07-19,6Rd-rL8wnqY,POV: Manhattan City Vibes,"Jun 5, 2026",34,0
2026-07-20,6Rd-rL8wnqY,POV: Manhattan City Vibes,"Jun 5, 2026",34,0
2026-07-21,6Rd-rL8wnqY,POV: Manhattan City Vibes,"Jun 5, 2026",34,0
2026-07-22,6Rd-rL8wnqY,POV: Manhattan City Vibes,"Jun 5, 2026",34,0
2026-07-23,6Rd-rL8wnqY,POV: Manhattan City Vibes,"Jun 5, 2026",34,0
2026-07-24,6Rd-rL8wnqY,POV: Manhattan City Vibes,"Jun 5, 2026",34,0
2026-07-25,6Rd-rL8wnqY,POV: Manhattan City Vibes,"Jun 5, 2026",34,0
2026-07-26,6Rd-rL8wnqY,POV: Manhattan City Vibes,"Jun 5, 2026",34,0
2026-07-27,6Rd-rL8wnqY,POV: Manhattan City Vibes,"Jun 5, 2026",34,0
2026-07-28,6Rd-rL8wnqY,POV: Manhattan City Vibes,"Jun 5, 2026",34,0
2026-07-29,6Rd-rL8wnqY,POV: Manhattan City Vibes,"Jun 5, 2026",34,0
2026-07-30,6Rd-rL8wnqY,POV: Manhattan City Vibes,"Jun 5, 2026",34,0
2026-07-31,6Rd-rL8wnqY,POV: Manhattan City Vibes,"Jun 5, 2026",34,0
2026-08-01,6Rd-rL8wnqY,POV: Manhattan City Vibes,"Jun 5, 2026",34,0
2026-08-02,6Rd-rL8wnqY,POV: Manhattan City Vibes,"Jun 5, 2026",34,0
2026-08-03,6Rd-rL8wnqY,POV: Manhattan City Vibes,"Jun 5, 2026",34,0
2026-08-04,6Rd-rL8wnqY,POV: Manhattan City Vibes,"Jun 5, 2026",34,0
2026-08-05,6Rd-rL8wnqY,POV: Manhattan City Vibes,"Jun 5, 2026",34,0
2026-08-06,6Rd-rL8wnqY,POV: Manhattan City Vibes,"Jun 5, 2026",34,0
2026-08-07,6Rd-rL8wnqY,POV: Manhattan City Vibes,"Jun 5, 2026",34,0
2026-08-08,6Rd-rL8wnqY,POV: Manhattan City Vibes,"Jun 5, 2026",34,0
2026-08-09,6Rd-rL8wnqY,POV: Manhattan City Vibes,"Jun 5, 2026",34,0
2026-08-10,6Rd-rL8wnqY,POV: Manhattan City Vibes,"Jun 5, 2026",34,0
2026-08-11,6Rd-rL8wnqY,POV: Manhattan City Vibes,"Jun 5, 2026",34,0
2026-08-12,6Rd-rL8wnqY,POV: Manhattan City Vibes,"Jun 5, 2026",34,0
2026-08-13,6Rd-rL8wnqY,POV: Manhattan City Vibes,"Jun 5, 2026",34,0
2026-08-14,6Rd-rL8wnqY,POV: Manhattan City Vibes,"Jun 5, 2026",34,0
2026-08-15,6Rd-rL8wnqY,POV: Manhattan City Vibes,"Jun 5, 2026",34,0
2026-08-16,6Rd-rL8wnqY,POV: Manhattan City Vibes,"Jun 5, 2026",34,0
2026-08-17,6Rd-rL8wnqY,POV: Manhattan City Vibes,"Jun 5, 2026",34,0
2026-08-18,6Rd-rL8wnqY,POV: Manhattan City Vibes,"Jun 5, 2026",34,0
2026-08-19,6Rd-rL8wnqY,POV: Manhattan City Vibes,"Jun 5, 2026",34,0
2026-08-20,6Rd-rL8wnqY,POV: Manhattan City Vibes,"Jun 5, 2026",34,0
2026-08-21,6Rd-rL8wnqY,POV: Manhattan City Vibes,"Jun 5, 2026",34,0
2026-08-22,6Rd-rL8wnqY,POV: Manhattan City Vibes,"Jun 5, 2026",34,0
2026-08-23,6Rd-rL8wnqY,POV: Manhattan City Vibes,"Jun 5, 2026",34,0
2026-08-24,6Rd-rL8wnqY,POV: Manhattan City Vibes,"Jun 5, 2026",34,0
2026-08-25,6Rd-rL8wnqY,POV: Manhattan City Vibes,"Jun 5, 2026",34,0
2026-08-26,6Rd-rL8wnqY,POV: Manhattan City Vibes,"Jun 5, 2026",34,0
2026-08-27,6Rd-rL8wnqY,POV: Manhattan City Vibes,"Jun 5, 2026",34,0
2026-08-28,6Rd-rL8wnqY,POV: Manhattan City Vibes,"Jun 5, 2026",34,0
2026-08-29,6Rd-rL8wnqY,POV: Manhattan City Vibes,"Jun 5, 2026",34,0
2026-08-30,6Rd-rL8wnqY,POV: Manhattan City Vibes,"Jun 5, 2026",34,0
2026-08-31,6Rd-rL8wnqY,POV: Manhattan City Vibes,"Jun 5, 2026",34,0
2026-09-01,6Rd-rL8wnqY,POV: Manhattan City Vibes,"Jun 5, 2026",34,0
2026-09-02,6Rd-rL8wnqY,POV: Manhattan City Vibes,"Jun 5, 2026",34,0
2026-09-03,6Rd-rL8wnqY,POV: Manhattan City Vibes,"Jun 5, 2026",34,0
2026-09-04,6Rd-rL8wnqY,POV: Manhattan City Vibes,"Jun 5, 2026",34,0
2026-09-05,6Rd-rL8wnqY,POV: Manhattan City Vibes,"Jun 5, 2026",34,0
2026-09-06,6Rd-rL8wnqY,POV: Manhattan City Vibes,"Jun 5, 2026",34,0
2026-09-07,6Rd-rL8wnqY,POV: Manhattan City Vibes,"Jun 5, 2026",34,0
2026-09-08,6Rd-rL8wnqY,POV: Manhattan City Vibes,"Jun 5, 2026",34,0
2026-09-09,6Rd-rL8wnqY,POV: Manhattan City Vibes,"Jun 5, 2026",34,0
2026-09-10,6Rd-rL8wnqY,POV: Manhattan City Vibes,"Jun 5, 2026",34,0
2026-09-11,6Rd-rL8wnqY,POV: Manhattan City Vibes,"Jun 5, 2026",34,0
2026-09-12,6Rd-rL8wnqY,POV: Manhattan City Vibes,"Jun 5, 2026",34,0
2026-09-13,6Rd-rL8wnqY,POV: Manhattan City Vibes,"Jun 5, 2026",34,0
2026-09-14,6Rd-rL8wnqY,POV: Manhattan City Vibes,"Jun 5, 2026",34,0
2026-09-15,6Rd-rL8wnqY,POV: Manhattan City Vibes,"Jun 5, 2026",34,0
2026-09-16,6Rd-rL8wnqY,POV: Manhattan City Vibes,"Jun 5, 2026",34,0
2026-09-17,6Rd-rL8wnqY,POV: Manhattan City Vibes,"Jun 5, 2026",34,0
2026-09-18,6Rd-rL8wnqY,POV: Manhattan City Vibes,"Jun 5, 2026",34,0
2026-09-19,6Rd-rL8wnqY,POV: Manhattan City Vibes,"Jun 5, 2026",34,0
2026-09-20,6Rd-rL8wnqY,POV: Manhattan City Vibes,"Jun 5, 2026",34,0
2026-09-21,6Rd-rL8wnqY,POV: Manhattan City Vibes,"Jun 5, 2026",34,0
2026-09-22,6Rd-rL8wnqY,POV: Manhattan City Vibes,"Jun 5, 2026",34,0
2026-09-23,6Rd-rL8wnqY,POV: Manhattan City Vibes,"Jun 5, 2026",34,0
2026-09-24,6Rd-rL8wnqY,POV: Manhattan City Vibes,"Jun 5, 2026",34,0
2026-09-25,6Rd-rL8wnqY,POV: Manhattan City Vibes,"Jun 5, 2026",34,0
2026-09-26,6Rd-rL8wnqY,POV: Manhattan City Vibes,"Jun 5, 2026",34,0
2026-09-27,6Rd-rL8wnqY,POV: Manhattan City Vibes,"Jun 5, 2026",34,0
2026-09-28,6Rd-rL8wnqY,POV: Manhattan City Vibes,"Jun 5, 2026",34,0
2026-09-29,6Rd-rL8wnqY,POV: Manhattan City Vibes,"Jun 5, 2026",34,0
2026-09-30,6Rd-rL8wnqY,POV: Manhattan City Vibes,"Jun 5, 2026",34,0
2026-10-01,6Rd-rL8wnqY,POV: Manhattan City Vibes,"Jun 5, 2026",34,0
2026-10-02,6Rd-rL8wnqY,POV: Manhattan City Vibes,"Jun 5, 2026",34,0
2026-10-03,6Rd-rL8wnqY,POV: Manhattan City Vibes,"Jun 5, 2026",34,0
2026-10-04,6Rd-rL8wnqY,POV: Manhattan City Vibes,"Jun 5, 2026",34,0
2026-10-05,6Rd-rL8wnqY,POV: Manhattan City Vibes,"Jun 5, 2026",34,0
2026-10-06,6Rd-rL8wnqY,POV: Manhattan City Vibes,"Jun 5, 2026",34,0
2026-10-07,6Rd-rL8wnqY,POV: Manhattan City Vibes,"Jun 5, 2026",34,0
2026-04-06,L0OfDCHa04Y,Wall Street's Biggest Lie Cost Investors Everything,"Jul 11, 2026",1002,0
2026-04-07,L0OfDCHa04Y,Wall Street's Biggest Lie Cost Investors Everything,"Jul 11, 2026",1002,0
2026-04-08,L0OfDCHa04Y,Wall Street's Biggest Lie Cost Investors Everything,"Jul 11, 2026",1002,0
2026-04-09,L0OfDCHa04Y,Wall Street's Biggest Lie Cost Investors Everything,"Jul 11, 2026",1002,0
2026-04-10,L0OfDCHa04Y,Wall Street's Biggest Lie Cost Investors Everything,"Jul 11, 2026",1002,0
2026-04-11,L0OfDCHa04Y,Wall Street's Biggest Lie Cost Investors Everything,"Jul 11, 2026",1002,0
2026-04-12,L0OfDCHa04Y,Wall Street's Biggest Lie Cost Investors Everything,"Jul 11, 2026",1002,0
2026-04-13,L0OfDCHa04Y,Wall Street's Biggest Lie Cost Investors Everything,"Jul 11, 2026",1002,0
2026-04-14,L0OfDCHa04Y,Wall Street's Biggest Lie Cost Investors Everything,"Jul 11, 2026",1002,0
2026-04-15,L0OfDCHa04Y,Wall Street's Biggest Lie Cost Investors Everything,"Jul 11, 2026",1002,0
2026-04-16,L0OfDCHa04Y,Wall Street's Biggest Lie Cost Investors Everything,"Jul 11, 2026",1002,0
2026-04-17,L0OfDCHa04Y,Wall Street's Biggest Lie Cost Investors Everything,"Jul 11, 2026",1002,0
2026-04-18,L0OfDCHa04Y,Wall Street's Biggest Lie Cost Investors Everything,"Jul 11, 2026",1002,0
2026-04-19,L0OfDCHa04Y,Wall Street's Biggest Lie Cost Investors Everything,"Jul 11, 2026",1002,0
2026-04-20,L0OfDCHa04Y,Wall Street's Biggest Lie Cost Investors Everything,"Jul 11, 2026",1002,0
2026-04-21,L0OfDCHa04Y,Wall Street's Biggest Lie Cost Investors Everything,"Jul 11, 2026",1002,0
2026-04-22,L0OfDCHa04Y,Wall Street's Biggest Lie Cost Investors Everything,"Jul 11, 2026",1002,0
2026-04-23,L0OfDCHa04Y,Wall Street's Biggest Lie Cost Investors Everything,"Jul 11, 2026",1002,0
2026-04-24,L0OfDCHa04Y,Wall Street's Biggest Lie Cost Investors Everything,"Jul 11, 2026",1002,0
2026-04-25,L0OfDCHa04Y,Wall Street's Biggest Lie Cost Investors Everything,"Jul 11, 2026",1002,0
2026-04-26,L0OfDCHa04Y,Wall Street's Biggest Lie Cost Investors Everything,"Jul 11, 2026",1002,0
2026-04-27,L0OfDCHa04Y,Wall Street's Biggest Lie Cost Investors Everything,"Jul 11, 2026",1002,0
2026-04-28,L0OfDCHa04Y,Wall Street's Biggest Lie Cost Investors Everything,"Jul 11, 2026",1002,0
2026-04-29,L0OfDCHa04Y,Wall Street's Biggest Lie Cost Investors Everything,"Jul 11, 2026",1002,0
2026-04-30,L0OfDCHa04Y,Wall Street's Biggest Lie Cost Investors Everything,"Jul 11, 2026",1002,0
2026-05-01,L0OfDCHa04Y,Wall Street's Biggest Lie Cost Investors Everything,"Jul 11, 2026",1002,0
2026-05-02,L0OfDCHa04Y,Wall Street's Biggest Lie Cost Investors Everything,"Jul 11, 2026",1002,0
2026-05-03,L0OfDCHa04Y,Wall Street's Biggest Lie Cost Investors Everything,"Jul 11, 2026",1002,0
2026-05-04,L0OfDCHa04Y,Wall Street's Biggest Lie Cost Investors Everything,"Jul 11, 2026",1002,0
2026-05-05,L0OfDCHa04Y,Wall Street's Biggest Lie Cost Investors Everything,"Jul 11, 2026",1002,0
2026-05-06,L0OfDCHa04Y,Wall Street's Biggest Lie Cost Investors Everything,"Jul 11, 2026",1002,0
2026-05-07,L0OfDCHa04Y,Wall Street's Biggest Lie Cost Investors Everything,"Jul 11, 2026",1002,0
2026-05-08,L0OfDCHa04Y,Wall Street's Biggest Lie Cost Investors Everything,"Jul 11, 2026",1002,0
2026-05-09,L0OfDCHa04Y,Wall Street's Biggest Lie Cost Investors Everything,"Jul 11, 2026",1002,0
2026-05-10,L0OfDCHa04Y,Wall Street's Biggest Lie Cost Investors Everything,"Jul 11, 2026",1002,0
2026-05-11,L0OfDCHa04Y,Wall Street's Biggest Lie Cost Investors Everything,"Jul 11, 2026",1002,0
2026-05-12,L0OfDCHa04Y,Wall Street's Biggest Lie Cost Investors Everything,"Jul 11, 2026",1002,0
2026-05-13,L0OfDCHa04Y,Wall Street's Biggest Lie Cost Investors Everything,"Jul 11, 2026",1002,0
2026-05-14,L0OfDCHa04Y,Wall Street's Biggest Lie Cost Investors Everything,"Jul 11, 2026",1002,0
2026-05-15,L0OfDCHa04Y,Wall Street's Biggest Lie Cost Investors Everything,"Jul 11, 2026",1002,0
2026-05-16,L0OfDCHa04Y,Wall Street's Biggest Lie Cost Investors Everything,"Jul 11, 2026",1002,0
2026-05-17,L0OfDCHa04Y,Wall Street's Biggest Lie Cost Investors Everything,"Jul 11, 2026",1002,0
2026-05-18,L0OfDCHa04Y,Wall Street's Biggest Lie Cost Investors Everything,"Jul 11, 2026",1002,0
2026-05-19,L0OfDCHa04Y,Wall Street's Biggest Lie Cost Investors Everything,"Jul 11, 2026",1002,0
2026-05-20,L0OfDCHa04Y,Wall Street's Biggest Lie Cost Investors Everything,"Jul 11, 2026",1002,0
2026-05-21,L0OfDCHa04Y,Wall Street's Biggest Lie Cost Investors Everything,"Jul 11, 2026",1002,0
2026-05-22,L0OfDCHa04Y,Wall Street's Biggest Lie Cost Investors Everything,"Jul 11, 2026",1002,0
2026-05-23,L0OfDCHa04Y,Wall Street's Biggest Lie Cost Investors Everything,"Jul 11, 2026",1002,0
2026-05-24,L0OfDCHa04Y,Wall Street's Biggest Lie Cost Investors Everything,"Jul 11, 2026",1002,0
2026-05-25,L0OfDCHa04Y,Wall Street's Biggest Lie Cost Investors Everything,"Jul 11, 2026",1002,0
2026-05-26,L0OfDCHa04Y,Wall Street's Biggest Lie Cost Investors Everything,"Jul 11, 2026",1002,0
2026-05-27,L0OfDCHa04Y,Wall Street's Biggest Lie Cost Investors Everything,"Jul 11, 2026",1002,0
2026-05-28,L0OfDCHa04Y,Wall Street's Biggest Lie Cost Investors Everything,"Jul 11, 2026",1002,0
2026-05-29,L0OfDCHa04Y,Wall Street's Biggest Lie Cost Investors Everything,"Jul 11, 2026",1002,0
2026-05-30,L0OfDCHa04Y,Wall Street's Biggest Lie Cost Investors Everything,"Jul 11, 2026",1002,0
2026-05-31,L0OfDCHa04Y,Wall Street's Biggest Lie Cost Investors Everything,"Jul 11, 2026",1002,0
2026-06-01,L0OfDCHa04Y,Wall Street's Biggest Lie Cost Investors Everything,"Jul 11, 2026",1002,0
2026-06-02,L0OfDCHa04Y,Wall Street's Biggest Lie Cost Investors Everything,"Jul 11, 2026",1002,0
2026-06-03,L0OfDCHa04Y,Wall Street's Biggest Lie Cost Investors Everything,"Jul 11, 2026",1002,0
2026-06-04,L0OfDCHa04Y,Wall Street's Biggest Lie Cost Investors Everything,"Jul 11, 2026",1002,0
2026-06-05,L0OfDCHa04Y,Wall Street's Biggest Lie Cost Investors Everything,"Jul 11, 2026",1002,0
2026-06-06,L0OfDCHa04Y,Wall Street's Biggest Lie Cost Investors Everything,"Jul 11, 2026",1002,0
2026-06-07,L0OfDCHa04Y,Wall Street's Biggest Lie Cost Investors Everything,"Jul 11, 2026",1002,0
2026-06-08,L0OfDCHa04Y,Wall Street's Biggest Lie Cost Investors Everything,"Jul 11, 2026",1002,0
2026-06-09,L0OfDCHa04Y,Wall Street's Biggest Lie Cost Investors Everything,"Jul 11, 2026",1002,0
2026-06-10,L0OfDCHa04Y,Wall Street's Biggest Lie Cost Investors Everything,"Jul 11, 2026",1002,0
2026-06-11,L0OfDCHa04Y,Wall Street's Biggest Lie Cost Investors Everything,"Jul 11, 2026",1002,0
2026-06-12,L0OfDCHa04Y,Wall Street's Biggest Lie Cost Investors Everything,"Jul 11, 2026",1002,0
2026-06-13,L0OfDCHa04Y,Wall Street's Biggest Lie Cost Investors Everything,"Jul 11, 2026",1002,0
2026-06-14,L0OfDCHa04Y,Wall Street's Biggest Lie Cost Investors Everything,"Jul 11, 2026",1002,0
2026-06-15,L0OfDCHa04Y,Wall Street's Biggest Lie Cost Investors Everything,"Jul 11, 2026",1002,0
2026-06-16,L0OfDCHa04Y,Wall Street's Biggest Lie Cost Investors Everything,"Jul 11, 2026",1002,0
2026-06-17,L0OfDCHa04Y,Wall Street's Biggest Lie Cost Investors Everything,"Jul 11, 2026",1002,0
2026-06-18,L0OfDCHa04Y,Wall Street's Biggest Lie Cost Investors Everything,"Jul 11, 2026",1002,0
2026-06-19,L0OfDCHa04Y,Wall Street's Biggest Lie Cost Investors Everything,"Jul 11, 2026",1002,0
2026-06-20,L0OfDCHa04Y,Wall Street's Biggest Lie Cost Investors Everything,"Jul 11, 2026",1002,0
2026-06-21,L0OfDCHa04Y,Wall Street's Biggest Lie Cost Investors Everything,"Jul 11, 2026",1002,0
2026-06-22,L0OfDCHa04Y,Wall Street's Biggest Lie Cost Investors Everything,"Jul 11, 2026",1002,0
2026-06-23,L0OfDCHa04Y,Wall Street's Biggest Lie Cost Investors Everything,"Jul 11, 2026",1002,0
2026-06-24,L0OfDCHa04Y,Wall Street's Biggest Lie Cost Investors Everything,"Jul 11, 2026",1002,0
2026-06-25,L0OfDCHa04Y,Wall Street's Biggest Lie Cost Investors Everything,"Jul 11, 2026",1002,0
2026-06-26,L0OfDCHa04Y,Wall Street's Biggest Lie Cost Investors Everything,"Jul 11, 2026",1002,0
2026-06-27,L0OfDCHa04Y,Wall Street's Biggest Lie Cost Investors Everything,"Jul 11, 2026",1002,0
2026-06-28,L0OfDCHa04Y,Wall Street's Biggest Lie Cost Investors Everything,"Jul 11, 2026",1002,0
2026-06-29,L0OfDCHa04Y,Wall Street's Biggest Lie Cost Investors Everything,"Jul 11, 2026",1002,0
2026-06-30,L0OfDCHa04Y,Wall Street's Biggest Lie Cost Investors Everything,"Jul 11, 2026",1002,0
2026-07-01,L0OfDCHa04Y,Wall Street's Biggest Lie Cost Investors Everything,"Jul 11, 2026",1002,0
2026-07-02,L0OfDCHa04Y,Wall Street's Biggest Lie Cost Investors Everything,"Jul 11, 2026",1002,0
2026-07-03,L0OfDCHa04Y,Wall Street's Biggest Lie Cost Investors Everything,"Jul 11, 2026",1002,0
2026-07-04,L0OfDCHa04Y,Wall Street's Biggest Lie Cost Investors Everything,"Jul 11, 2026",1002,0
2026-07-05,L0OfDCHa04Y,Wall Street's Biggest Lie Cost Investors Everything,"Jul 11, 2026",1002,0
2026-07-06,L0OfDCHa04Y,Wall Street's Biggest Lie Cost Investors Everything,"Jul 11, 2026",1002,0
2026-07-07,L0OfDCHa04Y,Wall Street's Biggest Lie Cost Investors Everything,"Jul 11, 2026",1002,0
2026-07-08,L0OfDCHa04Y,Wall Street's Biggest Lie Cost Investors Everything,"Jul 11, 2026",1002,0
2026-07-09,L0OfDCHa04Y,Wall Street's Biggest Lie Cost Investors Everything,"Jul 11, 2026",1002,0
2026-07-10,L0OfDCHa04Y,Wall Street's Biggest Lie Cost Investors Everything,"Jul 11, 2026",1002,0
2026-07-11,L0OfDCHa04Y,Wall Street's Biggest Lie Cost Investors Everything,"Jul 11, 2026",1002,0
2026-07-12,L0OfDCHa04Y,Wall Street's Biggest Lie Cost Investors Everything,"Jul 11, 2026",1002,0
2026-07-13,L0OfDCHa04Y,Wall Street's Biggest Lie Cost Investors Everything,"Jul 11, 2026",1002,0
2026-07-14,L0OfDCHa04Y,Wall Street's Biggest Lie Cost Investors Everything,"Jul 11, 2026",1002,0
2026-07-15,L0OfDCHa04Y,Wall Street's Biggest Lie Cost Investors Everything,"Jul 11, 2026",1002,0
2026-07-16,L0OfDCHa04Y,Wall Street's Biggest Lie Cost Investors Everything,"Jul 11, 2026",1002,0
2026-07-17,L0OfDCHa04Y,Wall Street's Biggest Lie Cost Investors Everything,"Jul 11, 2026",1002,0
2026-07-18,L0OfDCHa04Y,Wall Street's Biggest Lie Cost Investors Everything,"Jul 11, 2026",1002,1
2026-07-19,L0OfDCHa04Y,Wall Street's Biggest Lie Cost Investors Everything,"Jul 11, 2026",1002,1
2026-07-20,L0OfDCHa04Y,Wall Street's Biggest Lie Cost Investors Everything,"Jul 11, 2026",1002,0
2026-07-21,L0OfDCHa04Y,Wall Street's Biggest Lie Cost Investors Everything,"Jul 11, 2026",1002,0
2026-07-22,L0OfDCHa04Y,Wall Street's Biggest Lie Cost Investors Everything,"Jul 11, 2026",1002,0
2026-07-23,L0OfDCHa04Y,Wall Street's Biggest Lie Cost Investors Everything,"Jul 11, 2026",1002,0
2026-07-24,L0OfDCHa04Y,Wall Street's Biggest Lie Cost Investors Everything,"Jul 11, 2026",1002,0
2026-07-25,L0OfDCHa04Y,Wall Street's Biggest Lie Cost Investors Everything,"Jul 11, 2026",1002,0
2026-07-26,L0OfDCHa04Y,Wall Street's Biggest Lie Cost Investors Everything,"Jul 11, 2026",1002,0
2026-07-27,L0OfDCHa04Y,Wall Street's Biggest Lie Cost Investors Everything,"Jul 11, 2026",1002,0
2026-07-28,L0OfDCHa04Y,Wall Street's Biggest Lie Cost Investors Everything,"Jul 11, 2026",1002,0
2026-07-29,L0OfDCHa04Y,Wall Street's Biggest Lie Cost Investors Everything,"Jul 11, 2026",1002,0
2026-07-30,L0OfDCHa04Y,Wall Street's Biggest Lie Cost Investors Everything,"Jul 11, 2026",1002,0
2026-07-31,L0OfDCHa04Y,Wall Street's Biggest Lie Cost Investors Everything,"Jul 11, 2026",1002,0
2026-08-01,L0OfDCHa04Y,Wall Street's Biggest Lie Cost Investors Everything,"Jul 11, 2026",1002,0
2026-08-02,L0OfDCHa04Y,Wall Street's Biggest Lie Cost Investors Everything,"Jul 11, 2026",1002,0
2026-08-03,L0OfDCHa04Y,Wall Street's Biggest Lie Cost Investors Everything,"Jul 11, 2026",1002,0
2026-08-04,L0OfDCHa04Y,Wall Street's Biggest Lie Cost Investors Everything,"Jul 11, 2026",1002,0
2026-08-05,L0OfDCHa04Y,Wall Street's Biggest Lie Cost Investors Everything,"Jul 11, 2026",1002,0
2026-08-06,L0OfDCHa04Y,Wall Street's Biggest Lie Cost Investors Everything,"Jul 11, 2026",1002,0
2026-08-07,L0OfDCHa04Y,Wall Street's Biggest Lie Cost Investors Everything,"Jul 11, 2026",1002,0
2026-08-08,L0OfDCHa04Y,Wall Street's Biggest Lie Cost Investors Everything,"Jul 11, 2026",1002,0
2026-08-09,L0OfDCHa04Y,Wall Street's Biggest Lie Cost Investors Everything,"Jul 11, 2026",1002,0
2026-08-10,L0OfDCHa04Y,Wall Street's Biggest Lie Cost Investors Everything,"Jul 11, 2026",1002,0
2026-08-11,L0OfDCHa04Y,Wall Street's Biggest Lie Cost Investors Everything,"Jul 11, 2026",1002,0
2026-08-12,L0OfDCHa04Y,Wall Street's Biggest Lie Cost Investors Everything,"Jul 11, 2026",1002,0
2026-08-13,L0OfDCHa04Y,Wall Street's Biggest Lie Cost Investors Everything,"Jul 11, 2026",1002,0
2026-08-14,L0OfDCHa04Y,Wall Street's Biggest Lie Cost Investors Everything,"Jul 11, 2026",1002,0
2026-08-15,L0OfDCHa04Y,Wall Street's Biggest Lie Cost Investors Everything,"Jul 11, 2026",1002,0
2026-08-16,L0OfDCHa04Y,Wall Street's Biggest Lie Cost Investors Everything,"Jul 11, 2026",1002,0
2026-08-17,L0OfDCHa04Y,Wall Street's Biggest Lie Cost Investors Everything,"Jul 11, 2026",1002,0
2026-08-18,L0OfDCHa04Y,Wall Street's Biggest Lie Cost Investors Everything,"Jul 11, 2026",1002,0
2026-08-19,L0OfDCHa04Y,Wall Street's Biggest Lie Cost Investors Everything,"Jul 11, 2026",1002,0
2026-08-20,L0OfDCHa04Y,Wall Street's Biggest Lie Cost Investors Everything,"Jul 11, 2026",1002,0
2026-08-21,L0OfDCHa04Y,Wall Street's Biggest Lie Cost Investors Everything,"Jul 11, 2026",1002,0
2026-08-22,L0OfDCHa04Y,Wall Street's Biggest Lie Cost Investors Everything,"Jul 11, 2026",1002,0
2026-08-23,L0OfDCHa04Y,Wall Street's Biggest Lie Cost Investors Everything,"Jul 11, 2026",1002,0
2026-08-24,L0OfDCHa04Y,Wall Street's Biggest Lie Cost Investors Everything,"Jul 11, 2026",1002,0
2026-08-25,L0OfDCHa04Y,Wall Street's Biggest Lie Cost Investors Everything,"Jul 11, 2026",1002,0
2026-08-26,L0OfDCHa04Y,Wall Street's Biggest Lie Cost Investors Everything,"Jul 11, 2026",1002,0
2026-08-27,L0OfDCHa04Y,Wall Street's Biggest Lie Cost Investors Everything,"Jul 11, 2026",1002,0
2026-08-28,L0OfDCHa04Y,Wall Street's Biggest Lie Cost Investors Everything,"Jul 11, 2026",1002,0
2026-08-29,L0OfDCHa04Y,Wall Street's Biggest Lie Cost Investors Everything,"Jul 11, 2026",1002,0
2026-08-30,L0OfDCHa04Y,Wall Street's Biggest Lie Cost Investors Everything,"Jul 11, 2026",1002,0
2026-08-31,L0OfDCHa04Y,Wall Street's Biggest Lie Cost Investors Everything,"Jul 11, 2026",1002,0
2026-09-01,L0OfDCHa04Y,Wall Street's Biggest Lie Cost Investors Everything,"Jul 11, 2026",1002,0
2026-09-02,L0OfDCHa04Y,Wall Street's Biggest Lie Cost Investors Everything,"Jul 11, 2026",1002,0
2026-09-03,L0OfDCHa04Y,Wall Street's Biggest Lie Cost Investors Everything,"Jul 11, 2026",1002,0
2026-09-04,L0OfDCHa04Y,Wall Street's Biggest Lie Cost Investors Everything,"Jul 11, 2026",1002,0
2026-09-05,L0OfDCHa04Y,Wall Street's Biggest Lie Cost Investors Everything,"Jul 11, 2026",1002,0
2026-09-06,L0OfDCHa04Y,Wall Street's Biggest Lie Cost Investors Everything,"Jul 11, 2026",1002,0
2026-09-07,L0OfDCHa04Y,Wall Street's Biggest Lie Cost Investors Everything,"Jul 11, 2026",1002,0
2026-09-08,L0OfDCHa04Y,Wall Street's Biggest Lie Cost Investors Everything,"Jul 11, 2026",1002,0
2026-09-09,L0OfDCHa04Y,Wall Street's Biggest Lie Cost Investors Everything,"Jul 11, 2026",1002,0
2026-09-10,L0OfDCHa04Y,Wall Street's Biggest Lie Cost Investors Everything,"Jul 11, 2026",1002,0
2026-09-11,L0OfDCHa04Y,Wall Street's Biggest Lie Cost Investors Everything,"Jul 11, 2026",1002,0
2026-09-12,L0OfDCHa04Y,Wall Street's Biggest Lie Cost Investors Everything,"Jul 11, 2026",1002,0
2026-09-13,L0OfDCHa04Y,Wall Street's Biggest Lie Cost Investors Everything,"Jul 11, 2026",1002,0
2026-09-14,L0OfDCHa04Y,Wall Street's Biggest Lie Cost Investors Everything,"Jul 11, 2026",1002,0
2026-09-15,L0OfDCHa04Y,Wall Street's Biggest Lie Cost Investors Everything,"Jul 11, 2026",1002,0
2026-09-16,L0OfDCHa04Y,Wall Street's Biggest Lie Cost Investors Everything,"Jul 11, 2026",1002,0
2026-09-17,L0OfDCHa04Y,Wall Street's Biggest Lie Cost Investors Everything,"Jul 11, 2026",1002,0
2026-09-18,L0OfDCHa04Y,Wall Street's Biggest Lie Cost Investors Everything,"Jul 11, 2026",1002,0
2026-09-19,L0OfDCHa04Y,Wall Street's Biggest Lie Cost Investors Everything,"Jul 11, 2026",1002,0
2026-09-20,L0OfDCHa04Y,Wall Street's Biggest Lie Cost Investors Everything,"Jul 11, 2026",1002,0
2026-09-21,L0OfDCHa04Y,Wall Street's Biggest Lie Cost Investors Everything,"Jul 11, 2026",1002,0
2026-09-22,L0OfDCHa04Y,Wall Street's Biggest Lie Cost Investors Everything,"Jul 11, 2026",1002,0
2026-09-23,L0OfDCHa04Y,Wall Street's Biggest Lie Cost Investors Everything,"Jul 11, 2026",1002,0
2026-09-24,L0OfDCHa04Y,Wall Street's Biggest Lie Cost Investors Everything,"Jul 11, 2026",1002,0
2026-09-25,L0OfDCHa04Y,Wall Street's Biggest Lie Cost Investors Everything,"Jul 11, 2026",1002,0
2026-09-26,L0OfDCHa04Y,Wall Street's Biggest Lie Cost Investors Everything,"Jul 11, 2026",1002,0
2026-09-27,L0OfDCHa04Y,Wall Street's Biggest Lie Cost Investors Everything,"Jul 11, 2026",1002,0
2026-09-28,L0OfDCHa04Y,Wall Street's Biggest Lie Cost Investors Everything,"Jul 11, 2026",1002,0
2026-09-29,L0OfDCHa04Y,Wall Street's Biggest Lie Cost Investors Everything,"Jul 11, 2026",1002,0
2026-09-30,L0OfDCHa04Y,Wall Street's Biggest Lie Cost Investors Everything,"Jul 11, 2026",1002,0
2026-10-01,L0OfDCHa04Y,Wall Street's Biggest Lie Cost Investors Everything,"Jul 11, 2026",1002,0
2026-10-02,L0OfDCHa04Y,Wall Street's Biggest Lie Cost Investors Everything,"Jul 11, 2026",1002,0
2026-10-03,L0OfDCHa04Y,Wall Street's Biggest Lie Cost Investors Everything,"Jul 11, 2026",1002,0
2026-10-04,L0OfDCHa04Y,Wall Street's Biggest Lie Cost Investors Everything,"Jul 11, 2026",1002,0
2026-10-05,L0OfDCHa04Y,Wall Street's Biggest Lie Cost Investors Everything,"Jul 11, 2026",1002,0
2026-10-06,L0OfDCHa04Y,Wall Street's Biggest Lie Cost Investors Everything,"Jul 11, 2026",1002,0
2026-10-07,L0OfDCHa04Y,Wall Street's Biggest Lie Cost Investors Everything,"Jul 11, 2026",1002,0
2026-04-06,nU_oVxy_2VQ,The Warship Full of a Nation's Gold,"Sep 12, 2026",1114,0
2026-04-07,nU_oVxy_2VQ,The Warship Full of a Nation's Gold,"Sep 12, 2026",1114,0
2026-04-08,nU_oVxy_2VQ,The Warship Full of a Nation's Gold,"Sep 12, 2026",1114,0
2026-04-09,nU_oVxy_2VQ,The Warship Full of a Nation's Gold,"Sep 12, 2026",1114,0
2026-04-10,nU_oVxy_2VQ,The Warship Full of a Nation's Gold,"Sep 12, 2026",1114,0
2026-04-11,nU_oVxy_2VQ,The Warship Full of a Nation's Gold,"Sep 12, 2026",1114,0
2026-04-12,nU_oVxy_2VQ,The Warship Full of a Nation's Gold,"Sep 12, 2026",1114,0
2026-04-13,nU_oVxy_2VQ,The Warship Full of a Nation's Gold,"Sep 12, 2026",1114,0
2026-04-14,nU_oVxy_2VQ,The Warship Full of a Nation's Gold,"Sep 12, 2026",1114,0
2026-04-15,nU_oVxy_2VQ,The Warship Full of a Nation's Gold,"Sep 12, 2026",1114,0
2026-04-16,nU_oVxy_2VQ,The Warship Full of a Nation's Gold,"Sep 12, 2026",1114,0
2026-04-17,nU_oVxy_2VQ,The Warship Full of a Nation's Gold,"Sep 12, 2026",1114,0
2026-04-18,nU_oVxy_2VQ,The Warship Full of a Nation's Gold,"Sep 12, 2026",1114,0
2026-04-19,nU_oVxy_2VQ,The Warship Full of a Nation's Gold,"Sep 12, 2026",1114,0
2026-04-20,nU_oVxy_2VQ,The Warship Full of a Nation's Gold,"Sep 12, 2026",1114,0
2026-04-21,nU_oVxy_2VQ,The Warship Full of a Nation's Gold,"Sep 12, 2026",1114,0
2026-04-22,nU_oVxy_2VQ,The Warship Full of a Nation's Gold,"Sep 12, 2026",1114,0
2026-04-23,nU_oVxy_2VQ,The Warship Full of a Nation's Gold,"Sep 12, 2026",1114,0
2026-04-24,nU_oVxy_2VQ,The Warship Full of a Nation's Gold,"Sep 12, 2026",1114,0
2026-04-25,nU_oVxy_2VQ,The Warship Full of a Nation's Gold,"Sep 12, 2026",1114,0
2026-04-26,nU_oVxy_2VQ,The Warship Full of a Nation's Gold,"Sep 12, 2026",1114,0
2026-04-27,nU_oVxy_2VQ,The Warship Full of a Nation's Gold,"Sep 12, 2026",1114,0
2026-04-28,nU_oVxy_2VQ,The Warship Full of a Nation's Gold,"Sep 12, 2026",1114,0
2026-04-29,nU_oVxy_2VQ,The Warship Full of a Nation's Gold,"Sep 12, 2026",1114,0
2026-04-30,nU_oVxy_2VQ,The Warship Full of a Nation's Gold,"Sep 12, 2026",1114,0
2026-05-01,nU_oVxy_2VQ,The Warship Full of a Nation's Gold,"Sep 12, 2026",1114,0
2026-05-02,nU_oVxy_2VQ,The Warship Full of a Nation's Gold,"Sep 12, 2026",1114,0
2026-05-03,nU_oVxy_2VQ,The Warship Full of a Nation's Gold,"Sep 12, 2026",1114,0
2026-05-04,nU_oVxy_2VQ,The Warship Full of a Nation's Gold,"Sep 12, 2026",1114,0
2026-05-05,nU_oVxy_2VQ,The Warship Full of a Nation's Gold,"Sep 12, 2026",1114,0
2026-05-06,nU_oVxy_2VQ,The Warship Full of a Nation's Gold,"Sep 12, 2026",1114,0
2026-05-07,nU_oVxy_2VQ,The Warship Full of a Nation's Gold,"Sep 12, 2026",1114,0
2026-05-08,nU_oVxy_2VQ,The Warship Full of a Nation's Gold,"Sep 12, 2026",1114,0
2026-05-09,nU_oVxy_2VQ,The Warship Full of a Nation's Gold,"Sep 12, 2026",1114,0
2026-05-10,nU_oVxy_2VQ,The Warship Full of a Nation's Gold,"Sep 12, 2026",1114,0
2026-05-11,nU_oVxy_2VQ,The Warship Full of a Nation's Gold,"Sep 12, 2026",1114,0
2026-05-12,nU_oVxy_2VQ,The Warship Full of a Nation's Gold,"Sep 12, 2026",1114,0
2026-05-13,nU_oVxy_2VQ,The Warship Full of a Nation's Gold,"Sep 12, 2026",1114,0
2026-05-14,nU_oVxy_2VQ,The Warship Full of a Nation's Gold,"Sep 12, 2026",1114,0
2026-05-15,nU_oVxy_2VQ,The Warship Full of a Nation's Gold,"Sep 12, 2026",1114,0
2026-05-16,nU_oVxy_2VQ,The Warship Full of a Nation's Gold,"Sep 12, 2026",1114,0
2026-05-17,nU_oVxy_2VQ,The Warship Full of a Nation's Gold,"Sep 12, 2026",1114,0
2026-05-18,nU_oVxy_2VQ,The Warship Full of a Nation's Gold,"Sep 12, 2026",1114,0
2026-05-19,nU_oVxy_2VQ,The Warship Full of a Nation's Gold,"Sep 12, 2026",1114,0
2026-05-20,nU_oVxy_2VQ,The Warship Full of a Nation's Gold,"Sep 12, 2026",1114,0
2026-05-21,nU_oVxy_2VQ,The Warship Full of a Nation's Gold,"Sep 12, 2026",1114,0
2026-05-22,nU_oVxy_2VQ,The Warship Full of a Nation's Gold,"Sep 12, 2026",1114,0
2026-05-23,nU_oVxy_2VQ,The Warship Full of a Nation's Gold,"Sep 12, 2026",1114,0
2026-05-24,nU_oVxy_2VQ,The Warship Full of a Nation's Gold,"Sep 12, 2026",1114,0
2026-05-25,nU_oVxy_2VQ,The Warship Full of a Nation's Gold,"Sep 12, 2026",1114,0
2026-05-26,nU_oVxy_2VQ,The Warship Full of a Nation's Gold,"Sep 12, 2026",1114,0
2026-05-27,nU_oVxy_2VQ,The Warship Full of a Nation's Gold,"Sep 12, 2026",1114,0
2026-05-28,nU_oVxy_2VQ,The Warship Full of a Nation's Gold,"Sep 12, 2026",1114,0
2026-05-29,nU_oVxy_2VQ,The Warship Full of a Nation's Gold,"Sep 12, 2026",1114,0
2026-05-30,nU_oVxy_2VQ,The Warship Full of a Nation's Gold,"Sep 12, 2026",1114,0
2026-05-31,nU_oVxy_2VQ,The Warship Full of a Nation's Gold,"Sep 12, 2026",1114,0
2026-06-01,nU_oVxy_2VQ,The Warship Full of a Nation's Gold,"Sep 12, 2026",1114,0
2026-06-02,nU_oVxy_2VQ,The Warship Full of a Nation's Gold,"Sep 12, 2026",1114,0
2026-06-03,nU_oVxy_2VQ,The Warship Full of a Nation's Gold,"Sep 12, 2026",1114,0
2026-06-04,nU_oVxy_2VQ,The Warship Full of a Nation's Gold,"Sep 12, 2026",1114,0
2026-06-05,nU_oVxy_2VQ,The Warship Full of a Nation's Gold,"Sep 12, 2026",1114,0
2026-06-06,nU_oVxy_2VQ,The Warship Full of a Nation's Gold,"Sep 12, 2026",1114,0
2026-06-07,nU_oVxy_2VQ,The Warship Full of a Nation's Gold,"Sep 12, 2026",1114,0
2026-06-08,nU_oVxy_2VQ,The Warship Full of a Nation's Gold,"Sep 12, 2026",1114,0
2026-06-09,nU_oVxy_2VQ,The Warship Full of a Nation's Gold,"Sep 12, 2026",1114,0
2026-06-10,nU_oVxy_2VQ,The Warship Full of a Nation's Gold,"Sep 12, 2026",1114,0
2026-06-11,nU_oVxy_2VQ,The Warship Full of a Nation's Gold,"Sep 12, 2026",1114,0
2026-06-12,nU_oVxy_2VQ,The Warship Full of a Nation's Gold,"Sep 12, 2026",1114,0
2026-06-13,nU_oVxy_2VQ,The Warship Full of a Nation's Gold,"Sep 12, 2026",1114,0
2026-06-14,nU_oVxy_2VQ,The Warship Full of a Nation's Gold,"Sep 12, 2026",1114,0
2026-06-15,nU_oVxy_2VQ,The Warship Full of a Nation's Gold,"Sep 12, 2026",1114,0
2026-06-16,nU_oVxy_2VQ,The Warship Full of a Nation's Gold,"Sep 12, 2026",1114,0
2026-06-17,nU_oVxy_2VQ,The Warship Full of a Nation's Gold,"Sep 12, 2026",1114,0
2026-06-18,nU_oVxy_2VQ,The Warship Full of a Nation's Gold,"Sep 12, 2026",1114,0
2026-06-19,nU_oVxy_2VQ,The Warship Full of a Nation's Gold,"Sep 12, 2026",1114,0
2026-06-20,nU_oVxy_2VQ,The Warship Full of a Nation's Gold,"Sep 12, 2026",1114,0
2026-06-21,nU_oVxy_2VQ,The Warship Full of a Nation's Gold,"Sep 12, 2026",1114,0
2026-06-22,nU_oVxy_2VQ,The Warship Full of a Nation's Gold,"Sep 12, 2026",1114,0
2026-06-23,nU_oVxy_2VQ,The Warship Full of a Nation's Gold,"Sep 12, 2026",1114,0
2026-06-24,nU_oVxy_2VQ,The Warship Full of a Nation's Gold,"Sep 12, 2026",1114,0
2026-06-25,nU_oVxy_2VQ,The Warship Full of a Nation's Gold,"Sep 12, 2026",1114,0
2026-06-26,nU_oVxy_2VQ,The Warship Full of a Nation's Gold,"Sep 12, 2026",1114,0
2026-06-27,nU_oVxy_2VQ,The Warship Full of a Nation's Gold,"Sep 12, 2026",1114,0
2026-06-28,nU_oVxy_2VQ,The Warship Full of a Nation's Gold,"Sep 12, 2026",1114,0
2026-06-29,nU_oVxy_2VQ,The Warship Full of a Nation's Gold,"Sep 12, 2026",1114,0
2026-06-30,nU_oVxy_2VQ,The Warship Full of a Nation's Gold,"Sep 12, 2026",1114,0
2026-07-01,nU_oVxy_2VQ,The Warship Full of a Nation's Gold,"Sep 12, 2026",1114,0
2026-07-02,nU_oVxy_2VQ,The Warship Full of a Nation's Gold,"Sep 12, 2026",1114,0
2026-07-03,nU_oVxy_2VQ,The Warship Full of a Nation's Gold,"Sep 12, 2026",1114,0
2026-07-04,nU_oVxy_2VQ,The Warship Full of a Nation's Gold,"Sep 12, 2026",1114,0
2026-07-05,nU_oVxy_2VQ,The Warship Full of a Nation's Gold,"Sep 12, 2026",1114,0
2026-07-06,nU_oVxy_2VQ,The Warship Full of a Nation's Gold,"Sep 12, 2026",1114,0
2026-07-07,nU_oVxy_2VQ,The Warship Full of a Nation's Gold,"Sep 12, 2026",1114,0
2026-07-08,nU_oVxy_2VQ,The Warship Full of a Nation's Gold,"Sep 12, 2026",1114,0
2026-07-09,nU_oVxy_2VQ,The Warship Full of a Nation's Gold,"Sep 12, 2026",1114,0
2026-07-10,nU_oVxy_2VQ,The Warship Full of a Nation's Gold,"Sep 12, 2026",1114,0
2026-07-11,nU_oVxy_2VQ,The Warship Full of a Nation's Gold,"Sep 12, 2026",1114,0
2026-07-12,nU_oVxy_2VQ,The Warship Full of a Nation's Gold,"Sep 12, 2026",1114,0
2026-07-13,nU_oVxy_2VQ,The Warship Full of a Nation's Gold,"Sep 12, 2026",1114,0
2026-07-14,nU_oVxy_2VQ,The Warship Full of a Nation's Gold,"Sep 12, 2026",1114,0
2026-07-15,nU_oVxy_2VQ,The Warship Full of a Nation's Gold,"Sep 12, 2026",1114,0
2026-07-16,nU_oVxy_2VQ,The Warship Full of a Nation's Gold,"Sep 12, 2026",1114,0
2026-07-17,nU_oVxy_2VQ,The Warship Full of a Nation's Gold,"Sep 12, 2026",1114,0
2026-07-18,nU_oVxy_2VQ,The Warship Full of a Nation's Gold,"Sep 12, 2026",1114,0
2026-07-19,nU_oVxy_2VQ,The Warship Full of a Nation's Gold,"Sep 12, 2026",1114,0
2026-07-20,nU_oVxy_2VQ,The Warship Full of a Nation's Gold,"Sep 12, 2026",1114,0
2026-07-21,nU_oVxy_2VQ,The Warship Full of a Nation's Gold,"Sep 12, 2026",1114,0
2026-07-22,nU_oVxy_2VQ,The Warship Full of a Nation's Gold,"Sep 12, 2026",1114,0
2026-07-23,nU_oVxy_2VQ,The Warship Full of a Nation's Gold,"Sep 12, 2026",1114,0
2026-07-24,nU_oVxy_2VQ,The Warship Full of a Nation's Gold,"Sep 12, 2026",1114,0
2026-07-25,nU_oVxy_2VQ,The Warship Full of a Nation's Gold,"Sep 12, 2026",1114,0
2026-07-26,nU_oVxy_2VQ,The Warship Full of a Nation's Gold,"Sep 12, 2026",1114,0
2026-07-27,nU_oVxy_2VQ,The Warship Full of a Nation's Gold,"Sep 12, 2026",1114,0
2026-07-28,nU_oVxy_2VQ,The Warship Full of a Nation's Gold,"Sep 12, 2026",1114,0
2026-07-29,nU_oVxy_2VQ,The Warship Full of a Nation's Gold,"Sep 12, 2026",1114,0
2026-07-30,nU_oVxy_2VQ,The Warship Full of a Nation's Gold,"Sep 12, 2026",1114,0
2026-07-31,nU_oVxy_2VQ,The Warship Full of a Nation's Gold,"Sep 12, 2026",1114,0
2026-08-01,nU_oVxy_2VQ,The Warship Full of a Nation's Gold,"Sep 12, 2026",1114,0
2026-08-02,nU_oVxy_2VQ,The Warship Full of a Nation's Gold,"Sep 12, 2026",1114,0
2026-08-03,nU_oVxy_2VQ,The Warship Full of a Nation's Gold,"Sep 12, 2026",1114,0
2026-08-04,nU_oVxy_2VQ,The Warship Full of a Nation's Gold,"Sep 12, 2026",1114,0
2026-08-05,nU_oVxy_2VQ,The Warship Full of a Nation's Gold,"Sep 12, 2026",1114,0
2026-08-06,nU_oVxy_2VQ,The Warship Full of a Nation's Gold,"Sep 12, 2026",1114,0
2026-08-07,nU_oVxy_2VQ,The Warship Full of a Nation's Gold,"Sep 12, 2026",1114,0
2026-08-08,nU_oVxy_2VQ,The Warship Full of a Nation's Gold,"Sep 12, 2026",1114,0
2026-08-09,nU_oVxy_2VQ,The Warship Full of a Nation's Gold,"Sep 12, 2026",1114,0
2026-08-10,nU_oVxy_2VQ,The Warship Full of a Nation's Gold,"Sep 12, 2026",1114,0
2026-08-11,nU_oVxy_2VQ,The Warship Full of a Nation's Gold,"Sep 12, 2026",1114,0
2026-08-12,nU_oVxy_2VQ,The Warship Full of a Nation's Gold,"Sep 12, 2026",1114,0
2026-08-13,nU_oVxy_2VQ,The Warship Full of a Nation's Gold,"Sep 12, 2026",1114,0
2026-08-14,nU_oVxy_2VQ,The Warship Full of a Nation's Gold,"Sep 12, 2026",1114,0
2026-08-15,nU_oVxy_2VQ,The Warship Full of a Nation's Gold,"Sep 12, 2026",1114,0
2026-08-16,nU_oVxy_2VQ,The Warship Full of a Nation's Gold,"Sep 12, 2026",1114,0
2026-08-17,nU_oVxy_2VQ,The Warship Full of a Nation's Gold,"Sep 12, 2026",1114,0
2026-08-18,nU_oVxy_2VQ,The Warship Full of a Nation's Gold,"Sep 12, 2026",1114,0
2026-08-19,nU_oVxy_2VQ,The Warship Full of a Nation's Gold,"Sep 12, 2026",1114,0
2026-08-20,nU_oVxy_2VQ,The Warship Full of a Nation's Gold,"Sep 12, 2026",1114,0
2026-08-21,nU_oVxy_2VQ,The Warship Full of a Nation's Gold,"Sep 12, 2026",1114,0
2026-08-22,nU_oVxy_2VQ,The Warship Full of a Nation's Gold,"Sep 12, 2026",1114,0
2026-08-23,nU_oVxy_2VQ,The Warship Full of a Nation's Gold,"Sep 12, 2026",1114,0
2026-08-24,nU_oVxy_2VQ,The Warship Full of a Nation's Gold,"Sep 12, 2026",1114,0
2026-08-25,nU_oVxy_2VQ,The Warship Full of a Nation's Gold,"Sep 12, 2026",1114,0
2026-08-26,nU_oVxy_2VQ,The Warship Full of a Nation's Gold,"Sep 12, 2026",1114,0
2026-08-27,nU_oVxy_2VQ,The Warship Full of a Nation's Gold,"Sep 12, 2026",1114,0
2026-08-28,nU_oVxy_2VQ,The Warship Full of a Nation's Gold,"Sep 12, 2026",1114,0
2026-08-29,nU_oVxy_2VQ,The Warship Full of a Nation's Gold,"Sep 12, 2026",1114,0
2026-08-30,nU_oVxy_2VQ,The Warship Full of a Nation's Gold,"Sep 12, 2026",1114,0
2026-08-31,nU_oVxy_2VQ,The Warship Full of a Nation's Gold,"Sep 12, 2026",1114,0
2026-09-01,nU_oVxy_2VQ,The Warship Full of a Nation's Gold,"Sep 12, 2026",1114,0
2026-09-02,nU_oVxy_2VQ,The Warship Full of a Nation's Gold,"Sep 12, 2026",1114,0
2026-09-03,nU_oVxy_2VQ,The Warship Full of a Nation's Gold,"Sep 12, 2026",1114,0
2026-09-04,nU_oVxy_2VQ,The Warship Full of a Nation's Gold,"Sep 12, 2026",1114,0
2026-09-05,nU_oVxy_2VQ,The Warship Full of a Nation's Gold,"Sep 12, 2026",1114,0
2026-09-06,nU_oVxy_2VQ,The Warship Full of a Nation's Gold,"Sep 12, 2026",1114,0
2026-09-07,nU_oVxy_2VQ,The Warship Full of a Nation's Gold,"Sep 12, 2026",1114,0
2026-09-08,nU_oVxy_2VQ,The Warship Full of a Nation's Gold,"Sep 12, 2026",1114,0
2026-09-09,nU_oVxy_2VQ,The Warship Full of a Nation's Gold,"Sep 12, 2026",1114,0
2026-09-10,nU_oVxy_2VQ,The Warship Full of a Nation's Gold,"Sep 12, 2026",1114,0
2026-09-11,nU_oVxy_2VQ,The Warship Full of a Nation's Gold,"Sep 12, 2026",1114,0
2026-09-12,nU_oVxy_2VQ,The Warship Full of a Nation's Gold,"Sep 12, 2026",1114,0
2026-09-13,nU_oVxy_2VQ,The Warship Full of a Nation's Gold,"Sep 12, 2026",1114,3
2026-09-14,nU_oVxy_2VQ,The Warship Full of a Nation's Gold,"Sep 12, 2026",1114,0
2026-09-15,nU_oVxy_2VQ,The Warship Full of a Nation's Gold,"Sep 12, 2026",1114,0
2026-09-16,nU_oVxy_2VQ,The Warship Full of a Nation's Gold,"Sep 12, 2026",1114,1
2026-09-17,nU_oVxy_2VQ,The Warship Full of a Nation's Gold,"Sep 12, 2026",1114,0
2026-09-18,nU_oVxy_2VQ,The Warship Full of a Nation's Gold,"Sep 12, 2026",1114,2
2026-09-19,nU_oVxy_2VQ,The Warship Full of a Nation's Gold,"Sep 12, 2026",1114,1
2026-09-20,nU_oVxy_2VQ,The Warship Full of a Nation's Gold,"Sep 12, 2026",1114,0
2026-09-21,nU_oVxy_2VQ,The Warship Full of a Nation's Gold,"Sep 12, 2026",1114,0
2026-09-22,nU_oVxy_2VQ,The Warship Full of a Nation's Gold,"Sep 12, 2026",1114,0
2026-09-23,nU_oVxy_2VQ,The Warship Full of a Nation's Gold,"Sep 12, 2026",1114,1
2026-09-24,nU_oVxy_2VQ,The Warship Full of a Nation's Gold,"Sep 12, 2026",1114,0
2026-09-25,nU_oVxy_2VQ,The Warship Full of a Nation's Gold,"Sep 12, 2026",1114,0
2026-09-26,nU_oVxy_2VQ,The Warship Full of a Nation's Gold,"Sep 12, 2026",1114,0
2026-09-27,nU_oVxy_2VQ,The Warship Full of a Nation's Gold,"Sep 12, 2026",1114,0
2026-09-28,nU_oVxy_2VQ,The Warship Full of a Nation's Gold,"Sep 12, 2026",1114,0
2026-09-29,nU_oVxy_2VQ,The Warship Full of a Nation's Gold,"Sep 12, 2026",1114,0
2026-09-30,nU_oVxy_2VQ,The Warship Full of a Nation's Gold,"Sep 12, 2026",1114,1
2026-10-01,nU_oVxy_2VQ,The Warship Full of a Nation's Gold,"Sep 12, 2026",1114,0
2026-10-02,nU_oVxy_2VQ,The Warship Full of a Nation's Gold,"Sep 12, 2026",1114,1
2026-10-03,nU_oVxy_2VQ,The Warship Full of a Nation's Gold,"Sep 12, 2026",1114,0
2026-10-04,nU_oVxy_2VQ,The Warship Full of a Nation's Gold,"Sep 12, 2026",1114,0
2026-10-05,nU_oVxy_2VQ,The Warship Full of a Nation's Gold,"Sep 12, 2026",1114,0
2026-10-06,nU_oVxy_2VQ,The Warship Full of a Nation's Gold,"Sep 12, 2026",1114,0
2026-10-07,nU_oVxy_2VQ,The Warship Full of a Nation's Gold,"Sep 12, 2026",1114,3
2026-04-06,srWLE5AF04k,How Two Stories Helped Sell Two Wars | 1990 & 2003,"Oct 3, 2026",1099,0
2026-04-07,srWLE5AF04k,How Two Stories Helped Sell Two Wars | 1990 & 2003,"Oct 3, 2026",1099,0
2026-04-08,srWLE5AF04k,How Two Stories Helped Sell Two Wars | 1990 & 2003,"Oct 3, 2026",1099,0
2026-04-09,srWLE5AF04k,How Two Stories Helped Sell Two Wars | 1990 & 2003,"Oct 3, 2026",1099,0
2026-04-10,srWLE5AF04k,How Two Stories Helped Sell Two Wars | 1990 & 2003,"Oct 3, 2026",1099,0
2026-04-11,srWLE5AF04k,How Two Stories Helped Sell Two Wars | 1990 & 2003,"Oct 3, 2026",1099,0
2026-04-12,srWLE5AF04k,How Two Stories Helped Sell Two Wars | 1990 & 2003,"Oct 3, 2026",1099,0
2026-04-13,srWLE5AF04k,How Two Stories Helped Sell Two Wars | 1990 & 2003,"Oct 3, 2026",1099,0
2026-04-14,srWLE5AF04k,How Two Stories Helped Sell Two Wars | 1990 & 2003,"Oct 3, 2026",1099,0
2026-04-15,srWLE5AF04k,How Two Stories Helped Sell Two Wars | 1990 & 2003,"Oct 3, 2026",1099,0
2026-04-16,srWLE5AF04k,How Two Stories Helped Sell Two Wars | 1990 & 2003,"Oct 3, 2026",1099,0
2026-04-17,srWLE5AF04k,How Two Stories Helped Sell Two Wars | 1990 & 2003,"Oct 3, 2026",1099,0
2026-04-18,srWLE5AF04k,How Two Stories Helped Sell Two Wars | 1990 & 2003,"Oct 3, 2026",1099,0
2026-04-19,srWLE5AF04k,How Two Stories Helped Sell Two Wars | 1990 & 2003,"Oct 3, 2026",1099,0
2026-04-20,srWLE5AF04k,How Two Stories Helped Sell Two Wars | 1990 & 2003,"Oct 3, 2026",1099,0
2026-04-21,srWLE5AF04k,How Two Stories Helped Sell Two Wars | 1990 & 2003,"Oct 3, 2026",1099,0
2026-04-22,srWLE5AF04k,How Two Stories Helped Sell Two Wars | 1990 & 2003,"Oct 3, 2026",1099,0
2026-04-23,srWLE5AF04k,How Two Stories Helped Sell Two Wars | 1990 & 2003,"Oct 3, 2026",1099,0
2026-04-24,srWLE5AF04k,How Two Stories Helped Sell Two Wars | 1990 & 2003,"Oct 3, 2026",1099,0
2026-04-25,srWLE5AF04k,How Two Stories Helped Sell Two Wars | 1990 & 2003,"Oct 3, 2026",1099,0
2026-04-26,srWLE5AF04k,How Two Stories Helped Sell Two Wars | 1990 & 2003,"Oct 3, 2026",1099,0
2026-04-27,srWLE5AF04k,How Two Stories Helped Sell Two Wars | 1990 & 2003,"Oct 3, 2026",1099,0
2026-04-28,srWLE5AF04k,How Two Stories Helped Sell Two Wars | 1990 & 2003,"Oct 3, 2026",1099,0
2026-04-29,srWLE5AF04k,How Two Stories Helped Sell Two Wars | 1990 & 2003,"Oct 3, 2026",1099,0
2026-04-30,srWLE5AF04k,How Two Stories Helped Sell Two Wars | 1990 & 2003,"Oct 3, 2026",1099,0
2026-05-01,srWLE5AF04k,How Two Stories Helped Sell Two Wars | 1990 & 2003,"Oct 3, 2026",1099,0
2026-05-02,srWLE5AF04k,How Two Stories Helped Sell Two Wars | 1990 & 2003,"Oct 3, 2026",1099,0
2026-05-03,srWLE5AF04k,How Two Stories Helped Sell Two Wars | 1990 & 2003,"Oct 3, 2026",1099,0
2026-05-04,srWLE5AF04k,How Two Stories Helped Sell Two Wars | 1990 & 2003,"Oct 3, 2026",1099,0
2026-05-05,srWLE5AF04k,How Two Stories Helped Sell Two Wars | 1990 & 2003,"Oct 3, 2026",1099,0
2026-05-06,srWLE5AF04k,How Two Stories Helped Sell Two Wars | 1990 & 2003,"Oct 3, 2026",1099,0
2026-05-07,srWLE5AF04k,How Two Stories Helped Sell Two Wars | 1990 & 2003,"Oct 3, 2026",1099,0
2026-05-08,srWLE5AF04k,How Two Stories Helped Sell Two Wars | 1990 & 2003,"Oct 3, 2026",1099,0
2026-05-09,srWLE5AF04k,How Two Stories Helped Sell Two Wars | 1990 & 2003,"Oct 3, 2026",1099,0
2026-05-10,srWLE5AF04k,How Two Stories Helped Sell Two Wars | 1990 & 2003,"Oct 3, 2026",1099,0
2026-05-11,srWLE5AF04k,How Two Stories Helped Sell Two Wars | 1990 & 2003,"Oct 3, 2026",1099,0
2026-05-12,srWLE5AF04k,How Two Stories Helped Sell Two Wars | 1990 & 2003,"Oct 3, 2026",1099,0
2026-05-13,srWLE5AF04k,How Two Stories Helped Sell Two Wars | 1990 & 2003,"Oct 3, 2026",1099,0
2026-05-14,srWLE5AF04k,How Two Stories Helped Sell Two Wars | 1990 & 2003,"Oct 3, 2026",1099,0
2026-05-15,srWLE5AF04k,How Two Stories Helped Sell Two Wars | 1990 & 2003,"Oct 3, 2026",1099,0
2026-05-16,srWLE5AF04k,How Two Stories Helped Sell Two Wars | 1990 & 2003,"Oct 3, 2026",1099,0
2026-05-17,srWLE5AF04k,How Two Stories Helped Sell Two Wars | 1990 & 2003,"Oct 3, 2026",1099,0
2026-05-18,srWLE5AF04k,How Two Stories Helped Sell Two Wars | 1990 & 2003,"Oct 3, 2026",1099,0
2026-05-19,srWLE5AF04k,How Two Stories Helped Sell Two Wars | 1990 & 2003,"Oct 3, 2026",1099,0
2026-05-20,srWLE5AF04k,How Two Stories Helped Sell Two Wars | 1990 & 2003,"Oct 3, 2026",1099,0
2026-05-21,srWLE5AF04k,How Two Stories Helped Sell Two Wars | 1990 & 2003,"Oct 3, 2026",1099,0
2026-05-22,srWLE5AF04k,How Two Stories Helped Sell Two Wars | 1990 & 2003,"Oct 3, 2026",1099,0
2026-05-23,srWLE5AF04k,How Two Stories Helped Sell Two Wars | 1990 & 2003,"Oct 3, 2026",1099,0
2026-05-24,srWLE5AF04k,How Two Stories Helped Sell Two Wars | 1990 & 2003,"Oct 3, 2026",1099,0
2026-05-25,srWLE5AF04k,How Two Stories Helped Sell Two Wars | 1990 & 2003,"Oct 3, 2026",1099,0
2026-05-26,srWLE5AF04k,How Two Stories Helped Sell Two Wars | 1990 & 2003,"Oct 3, 2026",1099,0
2026-05-27,srWLE5AF04k,How Two Stories Helped Sell Two Wars | 1990 & 2003,"Oct 3, 2026",1099,0
2026-05-28,srWLE5AF04k,How Two Stories Helped Sell Two Wars | 1990 & 2003,"Oct 3, 2026",1099,0
2026-05-29,srWLE5AF04k,How Two Stories Helped Sell Two Wars | 1990 & 2003,"Oct 3, 2026",1099,0
2026-05-30,srWLE5AF04k,How Two Stories Helped Sell Two Wars | 1990 & 2003,"Oct 3, 2026",1099,0
2026-05-31,srWLE5AF04k,How Two Stories Helped Sell Two Wars | 1990 & 2003,"Oct 3, 2026",1099,0
2026-06-01,srWLE5AF04k,How Two Stories Helped Sell Two Wars | 1990 & 2003,"Oct 3, 2026",1099,0
2026-06-02,srWLE5AF04k,How Two Stories Helped Sell Two Wars | 1990 & 2003,"Oct 3, 2026",1099,0
2026-06-03,srWLE5AF04k,How Two Stories Helped Sell Two Wars | 1990 & 2003,"Oct 3, 2026",1099,0
2026-06-04,srWLE5AF04k,How Two Stories Helped Sell Two Wars | 1990 & 2003,"Oct 3, 2026",1099,0
2026-06-05,srWLE5AF04k,How Two Stories Helped Sell Two Wars | 1990 & 2003,"Oct 3, 2026",1099,0
2026-06-06,srWLE5AF04k,How Two Stories Helped Sell Two Wars | 1990 & 2003,"Oct 3, 2026",1099,0
2026-06-07,srWLE5AF04k,How Two Stories Helped Sell Two Wars | 1990 & 2003,"Oct 3, 2026",1099,0
2026-06-08,srWLE5AF04k,How Two Stories Helped Sell Two Wars | 1990 & 2003,"Oct 3, 2026",1099,0
2026-06-09,srWLE5AF04k,How Two Stories Helped Sell Two Wars | 1990 & 2003,"Oct 3, 2026",1099,0
2026-06-10,srWLE5AF04k,How Two Stories Helped Sell Two Wars | 1990 & 2003,"Oct 3, 2026",1099,0
2026-06-11,srWLE5AF04k,How Two Stories Helped Sell Two Wars | 1990 & 2003,"Oct 3, 2026",1099,0
2026-06-12,srWLE5AF04k,How Two Stories Helped Sell Two Wars | 1990 & 2003,"Oct 3, 2026",1099,0
2026-06-13,srWLE5AF04k,How Two Stories Helped Sell Two Wars | 1990 & 2003,"Oct 3, 2026",1099,0
2026-06-14,srWLE5AF04k,How Two Stories Helped Sell Two Wars | 1990 & 2003,"Oct 3, 2026",1099,0
2026-06-15,srWLE5AF04k,How Two Stories Helped Sell Two Wars | 1990 & 2003,"Oct 3, 2026",1099,0
2026-06-16,srWLE5AF04k,How Two Stories Helped Sell Two Wars | 1990 & 2003,"Oct 3, 2026",1099,0
2026-06-17,srWLE5AF04k,How Two Stories Helped Sell Two Wars | 1990 & 2003,"Oct 3, 2026",1099,0
2026-06-18,srWLE5AF04k,How Two Stories Helped Sell Two Wars | 1990 & 2003,"Oct 3, 2026",1099,0
2026-06-19,srWLE5AF04k,How Two Stories Helped Sell Two Wars | 1990 & 2003,"Oct 3, 2026",1099,0
2026-06-20,srWLE5AF04k,How Two Stories Helped Sell Two Wars | 1990 & 2003,"Oct 3, 2026",1099,0
2026-06-21,srWLE5AF04k,How Two Stories Helped Sell Two Wars | 1990 & 2003,"Oct 3, 2026",1099,0
2026-06-22,srWLE5AF04k,How Two Stories Helped Sell Two Wars | 1990 & 2003,"Oct 3, 2026",1099,0
2026-06-23,srWLE5AF04k,How Two Stories Helped Sell Two Wars | 1990 & 2003,"Oct 3, 2026",1099,0
2026-06-24,srWLE5AF04k,How Two Stories Helped Sell Two Wars | 1990 & 2003,"Oct 3, 2026",1099,0
2026-06-25,srWLE5AF04k,How Two Stories Helped Sell Two Wars | 1990 & 2003,"Oct 3, 2026",1099,0
2026-06-26,srWLE5AF04k,How Two Stories Helped Sell Two Wars | 1990 & 2003,"Oct 3, 2026",1099,0
2026-06-27,srWLE5AF04k,How Two Stories Helped Sell Two Wars | 1990 & 2003,"Oct 3, 2026",1099,0
2026-06-28,srWLE5AF04k,How Two Stories Helped Sell Two Wars | 1990 & 2003,"Oct 3, 2026",1099,0
2026-06-29,srWLE5AF04k,How Two Stories Helped Sell Two Wars | 1990 & 2003,"Oct 3, 2026",1099,0
2026-06-30,srWLE5AF04k,How Two Stories Helped Sell Two Wars | 1990 & 2003,"Oct 3, 2026",1099,0
2026-07-01,srWLE5AF04k,How Two Stories Helped Sell Two Wars | 1990 & 2003,"Oct 3, 2026",1099,0
2026-07-02,srWLE5AF04k,How Two Stories Helped Sell Two Wars | 1990 & 2003,"Oct 3, 2026",1099,0
2026-07-03,srWLE5AF04k,How Two Stories Helped Sell Two Wars | 1990 & 2003,"Oct 3, 2026",1099,0
2026-07-04,srWLE5AF04k,How Two Stories Helped Sell Two Wars | 1990 & 2003,"Oct 3, 2026",1099,0
2026-07-05,srWLE5AF04k,How Two Stories Helped Sell Two Wars | 1990 & 2003,"Oct 3, 2026",1099,0
2026-07-06,srWLE5AF04k,How Two Stories Helped Sell Two Wars | 1990 & 2003,"Oct 3, 2026",1099,0
2026-07-07,srWLE5AF04k,How Two Stories Helped Sell Two Wars | 1990 & 2003,"Oct 3, 2026",1099,0
2026-07-08,srWLE5AF04k,How Two Stories Helped Sell Two Wars | 1990 & 2003,"Oct 3, 2026",1099,0
2026-07-09,srWLE5AF04k,How Two Stories Helped Sell Two Wars | 1990 & 2003,"Oct 3, 2026",1099,0
2026-07-10,srWLE5AF04k,How Two Stories Helped Sell Two Wars | 1990 & 2003,"Oct 3, 2026",1099,0
2026-07-11,srWLE5AF04k,How Two Stories Helped Sell Two Wars | 1990 & 2003,"Oct 3, 2026",1099,0
2026-07-12,srWLE5AF04k,How Two Stories Helped Sell Two Wars | 1990 & 2003,"Oct 3, 2026",1099,0
2026-07-13,srWLE5AF04k,How Two Stories Helped Sell Two Wars | 1990 & 2003,"Oct 3, 2026",1099,0
2026-07-14,srWLE5AF04k,How Two Stories Helped Sell Two Wars | 1990 & 2003,"Oct 3, 2026",1099,0
2026-07-15,srWLE5AF04k,How Two Stories Helped Sell Two Wars | 1990 & 2003,"Oct 3, 2026",1099,0
2026-07-16,srWLE5AF04k,How Two Stories Helped Sell Two Wars | 1990 & 2003,"Oct 3, 2026",1099,0
2026-07-17,srWLE5AF04k,How Two Stories Helped Sell Two Wars | 1990 & 2003,"Oct 3, 2026",1099,0
2026-07-18,srWLE5AF04k,How Two Stories Helped Sell Two Wars | 1990 & 2003,"Oct 3, 2026",1099,0
2026-07-19,srWLE5AF04k,How Two Stories Helped Sell Two Wars | 1990 & 2003,"Oct 3, 2026",1099,0
2026-07-20,srWLE5AF04k,How Two Stories Helped Sell Two Wars | 1990 & 2003,"Oct 3, 2026",1099,0
2026-07-21,srWLE5AF04k,How Two Stories Helped Sell Two Wars | 1990 & 2003,"Oct 3, 2026",1099,0
2026-07-22,srWLE5AF04k,How Two Stories Helped Sell Two Wars | 1990 & 2003,"Oct 3, 2026",1099,0
2026-07-23,srWLE5AF04k,How Two Stories Helped Sell Two Wars | 1990 & 2003,"Oct 3, 2026",1099,0
2026-07-24,srWLE5AF04k,How Two Stories Helped Sell Two Wars | 1990 & 2003,"Oct 3, 2026",1099,0
2026-07-25,srWLE5AF04k,How Two Stories Helped Sell Two Wars | 1990 & 2003,"Oct 3, 2026",1099,0
2026-07-26,srWLE5AF04k,How Two Stories Helped Sell Two Wars | 1990 & 2003,"Oct 3, 2026",1099,0
2026-07-27,srWLE5AF04k,How Two Stories Helped Sell Two Wars | 1990 & 2003,"Oct 3, 2026",1099,0
2026-07-28,srWLE5AF04k,How Two Stories Helped Sell Two Wars | 1990 & 2003,"Oct 3, 2026",1099,0
2026-07-29,srWLE5AF04k,How Two Stories Helped Sell Two Wars | 1990 & 2003,"Oct 3, 2026",1099,0
2026-07-30,srWLE5AF04k,How Two Stories Helped Sell Two Wars | 1990 & 2003,"Oct 3, 2026",1099,0
2026-07-31,srWLE5AF04k,How Two Stories Helped Sell Two Wars | 1990 & 2003,"Oct 3, 2026",1099,0
2026-08-01,srWLE5AF04k,How Two Stories Helped Sell Two Wars | 1990 & 2003,"Oct 3, 2026",1099,0
2026-08-02,srWLE5AF04k,How Two Stories Helped Sell Two Wars | 1990 & 2003,"Oct 3, 2026",1099,0
2026-08-03,srWLE5AF04k,How Two Stories Helped Sell Two Wars | 1990 & 2003,"Oct 3, 2026",1099,0
2026-08-04,srWLE5AF04k,How Two Stories Helped Sell Two Wars | 1990 & 2003,"Oct 3, 2026",1099,0
2026-08-05,srWLE5AF04k,How Two Stories Helped Sell Two Wars | 1990 & 2003,"Oct 3, 2026",1099,0
2026-08-06,srWLE5AF04k,How Two Stories Helped Sell Two Wars | 1990 & 2003,"Oct 3, 2026",1099,0
2026-08-07,srWLE5AF04k,How Two Stories Helped Sell Two Wars | 1990 & 2003,"Oct 3, 2026",1099,0
2026-08-08,srWLE5AF04k,How Two Stories Helped Sell Two Wars | 1990 & 2003,"Oct 3, 2026",1099,0
2026-08-09,srWLE5AF04k,How Two Stories Helped Sell Two Wars | 1990 & 2003,"Oct 3, 2026",1099,0
2026-08-10,srWLE5AF04k,How Two Stories Helped Sell Two Wars | 1990 & 2003,"Oct 3, 2026",1099,0
2026-08-11,srWLE5AF04k,How Two Stories Helped Sell Two Wars | 1990 & 2003,"Oct 3, 2026",1099,0
2026-08-12,srWLE5AF04k,How Two Stories Helped Sell Two Wars | 1990 & 2003,"Oct 3, 2026",1099,0
2026-08-13,srWLE5AF04k,How Two Stories Helped Sell Two Wars | 1990 & 2003,"Oct 3, 2026",1099,0
2026-08-14,srWLE5AF04k,How Two Stories Helped Sell Two Wars | 1990 & 2003,"Oct 3, 2026",1099,0
2026-08-15,srWLE5AF04k,How Two Stories Helped Sell Two Wars | 1990 & 2003,"Oct 3, 2026",1099,0
2026-08-16,srWLE5AF04k,How Two Stories Helped Sell Two Wars | 1990 & 2003,"Oct 3, 2026",1099,0
2026-08-17,srWLE5AF04k,How Two Stories Helped Sell Two Wars | 1990 & 2003,"Oct 3, 2026",1099,0
2026-08-18,srWLE5AF04k,How Two Stories Helped Sell Two Wars | 1990 & 2003,"Oct 3, 2026",1099,0
2026-08-19,srWLE5AF04k,How Two Stories Helped Sell Two Wars | 1990 & 2003,"Oct 3, 2026",1099,0
2026-08-20,srWLE5AF04k,How Two Stories Helped Sell Two Wars | 1990 & 2003,"Oct 3, 2026",1099,0
2026-08-21,srWLE5AF04k,How Two Stories Helped Sell Two Wars | 1990 & 2003,"Oct 3, 2026",1099,0
2026-08-22,srWLE5AF04k,How Two Stories Helped Sell Two Wars | 1990 & 2003,"Oct 3, 2026",1099,0
2026-08-23,srWLE5AF04k,How Two Stories Helped Sell Two Wars | 1990 & 2003,"Oct 3, 2026",1099,0
2026-08-24,srWLE5AF04k,How Two Stories Helped Sell Two Wars | 1990 & 2003,"Oct 3, 2026",1099,0
2026-08-25,srWLE5AF04k,How Two Stories Helped Sell Two Wars | 1990 & 2003,"Oct 3, 2026",1099,0
2026-08-26,srWLE5AF04k,How Two Stories Helped Sell Two Wars | 1990 & 2003,"Oct 3, 2026",1099,0
2026-08-27,srWLE5AF04k,How Two Stories Helped Sell Two Wars | 1990 & 2003,"Oct 3, 2026",1099,0
2026-08-28,srWLE5AF04k,How Two Stories Helped Sell Two Wars | 1990 & 2003,"Oct 3, 2026",1099,0
2026-08-29,srWLE5AF04k,How Two Stories Helped Sell Two Wars | 1990 & 2003,"Oct 3, 2026",1099,0
2026-08-30,srWLE5AF04k,How Two Stories Helped Sell Two Wars | 1990 & 2003,"Oct 3, 2026",1099,0
2026-08-31,srWLE5AF04k,How Two Stories Helped Sell Two Wars | 1990 & 2003,"Oct 3, 2026",1099,0
2026-09-01,srWLE5AF04k,How Two Stories Helped Sell Two Wars | 1990 & 2003,"Oct 3, 2026",1099,0
2026-09-02,srWLE5AF04k,How Two Stories Helped Sell Two Wars | 1990 & 2003,"Oct 3, 2026",1099,0
2026-09-03,srWLE5AF04k,How Two Stories Helped Sell Two Wars | 1990 & 2003,"Oct 3, 2026",1099,0
2026-09-04,srWLE5AF04k,How Two Stories Helped Sell Two Wars | 1990 & 2003,"Oct 3, 2026",1099,0
2026-09-05,srWLE5AF04k,How Two Stories Helped Sell Two Wars | 1990 & 2003,"Oct 3, 2026",1099,0
2026-09-06,srWLE5AF04k,How Two Stories Helped Sell Two Wars | 1990 & 2003,"Oct 3, 2026",1099,0
2026-09-07,srWLE5AF04k,How Two Stories Helped Sell Two Wars | 1990 & 2003,"Oct 3, 2026",1099,0
2026-09-08,srWLE5AF04k,How Two Stories Helped Sell Two Wars | 1990 & 2003,"Oct 3, 2026",1099,0
2026-09-09,srWLE5AF04k,How Two Stories Helped Sell Two Wars | 1990 & 2003,"Oct 3, 2026",1099,0
2026-09-10,srWLE5AF04k,How Two Stories Helped Sell Two Wars | 1990 & 2003,"Oct 3, 2026",1099,0
2026-09-11,srWLE5AF04k,How Two Stories Helped Sell Two Wars | 1990 & 2003,"Oct 3, 2026",1099,0
2026-09-12,srWLE5AF04k,How Two Stories Helped Sell Two Wars | 1990 & 2003,"Oct 3, 2026",1099,0
2026-09-13,srWLE5AF04k,How Two Stories Helped Sell Two Wars | 1990 & 2003,"Oct 3, 2026",1099,0
2026-09-14,srWLE5AF04k,How Two Stories Helped Sell Two Wars | 1990 & 2003,"Oct 3, 2026",1099,0
2026-09-15,srWLE5AF04k,How Two Stories Helped Sell Two Wars | 1990 & 2003,"Oct 3, 2026",1099,0
2026-09-16,srWLE5AF04k,How Two Stories Helped Sell Two Wars | 1990 & 2003,"Oct 3, 2026",1099,0
2026-09-17,srWLE5AF04k,How Two Stories Helped Sell Two Wars | 1990 & 2003,"Oct 3, 2026",1099,0
2026-09-18,srWLE5AF04k,How Two Stories Helped Sell Two Wars | 1990 & 2003,"Oct 3, 2026",1099,0
2026-09-19,srWLE5AF04k,How Two Stories Helped Sell Two Wars | 1990 & 2003,"Oct 3, 2026",1099,0
2026-09-20,srWLE5AF04k,How Two Stories Helped Sell Two Wars | 1990 & 2003,"Oct 3, 2026",1099,0
2026-09-21,srWLE5AF04k,How Two Stories Helped Sell Two Wars | 1990 & 2003,"Oct 3, 2026",1099,0
2026-09-22,srWLE5AF04k,How Two Stories Helped Sell Two Wars | 1990 & 2003,"Oct 3, 2026",1099,0
2026-09-23,srWLE5AF04k,How Two Stories Helped Sell Two Wars | 1990 & 2003,"Oct 3, 2026",1099,0
2026-09-24,srWLE5AF04k,How Two Stories Helped Sell Two Wars | 1990 & 2003,"Oct 3, 2026",1099,0
2026-09-25,srWLE5AF04k,How Two Stories Helped Sell Two Wars | 1990 & 2003,"Oct 3, 2026",1099,0
2026-09-26,srWLE5AF04k,How Two Stories Helped Sell Two Wars | 1990 & 2003,"Oct 3, 2026",1099,0
2026-09-27,srWLE5AF04k,How Two Stories Helped Sell Two Wars | 1990 & 2003,"Oct 3, 2026",1099,0
2026-09-28,srWLE5AF04k,How Two Stories Helped Sell Two Wars | 1990 & 2003,"Oct 3, 2026",1099,0
2026-09-29,srWLE5AF04k,How Two Stories Helped Sell Two Wars | 1990 & 2003,"Oct 3, 2026",1099,0
2026-09-30,srWLE5AF04k,How Two Stories Helped Sell Two Wars | 1990 & 2003,"Oct 3, 2026",1099,0
2026-10-01,srWLE5AF04k,How Two Stories Helped Sell Two Wars | 1990 & 2003,"Oct 3, 2026",1099,0
2026-10-02,srWLE5AF04k,How Two Stories Helped Sell Two Wars | 1990 & 2003,"Oct 3, 2026",1099,0
2026-10-03,srWLE5AF04k,How Two Stories Helped Sell Two Wars | 1990 & 2003,"Oct 3, 2026",1099,0
2026-10-04,srWLE5AF04k,How Two Stories Helped Sell Two Wars | 1990 & 2003,"Oct 3, 2026",1099,9
2026-10-05,srWLE5AF04k,How Two Stories Helped Sell Two Wars | 1990 & 2003,"Oct 3, 2026",1099,4
2026-10-06,srWLE5AF04k,How Two Stories Helped Sell Two Wars | 1990 & 2003,"Oct 3, 2026",1099,1
2026-10-07,srWLE5AF04k,How Two Stories Helped Sell Two Wars | 1990 & 2003,"Oct 3, 2026",1099,3
2026-04-06,ypEjriCWEYc,"The Blind Man Who Found Adolf Eichmann | Buenos Aires, 1960","Sep 4, 2026",1647,0
2026-04-07,ypEjriCWEYc,"The Blind Man Who Found Adolf Eichmann | Buenos Aires, 1960","Sep 4, 2026",1647,0
2026-04-08,ypEjriCWEYc,"The Blind Man Who Found Adolf Eichmann | Buenos Aires, 1960","Sep 4, 2026",1647,0
2026-04-09,ypEjriCWEYc,"The Blind Man Who Found Adolf Eichmann | Buenos Aires, 1960","Sep 4, 2026",1647,0
2026-04-10,ypEjriCWEYc,"The Blind Man Who Found Adolf Eichmann | Buenos Aires, 1960","Sep 4, 2026",1647,0
2026-04-11,ypEjriCWEYc,"The Blind Man Who Found Adolf Eichmann | Buenos Aires, 1960","Sep 4, 2026",1647,0
2026-04-12,ypEjriCWEYc,"The Blind Man Who Found Adolf Eichmann | Buenos Aires, 1960","Sep 4, 2026",1647,0
2026-04-13,ypEjriCWEYc,"The Blind Man Who Found Adolf Eichmann | Buenos Aires, 1960","Sep 4, 2026",1647,0
2026-04-14,ypEjriCWEYc,"The Blind Man Who Found Adolf Eichmann | Buenos Aires, 1960","Sep 4, 2026",1647,0
2026-04-15,ypEjriCWEYc,"The Blind Man Who Found Adolf Eichmann | Buenos Aires, 1960","Sep 4, 2026",1647,0
2026-04-16,ypEjriCWEYc,"The Blind Man Who Found Adolf Eichmann | Buenos Aires, 1960","Sep 4, 2026",1647,0
2026-04-17,ypEjriCWEYc,"The Blind Man Who Found Adolf Eichmann | Buenos Aires, 1960","Sep 4, 2026",1647,0
2026-04-18,ypEjriCWEYc,"The Blind Man Who Found Adolf Eichmann | Buenos Aires, 1960","Sep 4, 2026",1647,0
2026-04-19,ypEjriCWEYc,"The Blind Man Who Found Adolf Eichmann | Buenos Aires, 1960","Sep 4, 2026",1647,0
2026-04-20,ypEjriCWEYc,"The Blind Man Who Found Adolf Eichmann | Buenos Aires, 1960","Sep 4, 2026",1647,0
2026-04-21,ypEjriCWEYc,"The Blind Man Who Found Adolf Eichmann | Buenos Aires, 1960","Sep 4, 2026",1647,0
2026-04-22,ypEjriCWEYc,"The Blind Man Who Found Adolf Eichmann | Buenos Aires, 1960","Sep 4, 2026",1647,0
2026-04-23,ypEjriCWEYc,"The Blind Man Who Found Adolf Eichmann | Buenos Aires, 1960","Sep 4, 2026",1647,0
2026-04-24,ypEjriCWEYc,"The Blind Man Who Found Adolf Eichmann | Buenos Aires, 1960","Sep 4, 2026",1647,0
2026-04-25,ypEjriCWEYc,"The Blind Man Who Found Adolf Eichmann | Buenos Aires, 1960","Sep 4, 2026",1647,0
2026-04-26,ypEjriCWEYc,"The Blind Man Who Found Adolf Eichmann | Buenos Aires, 1960","Sep 4, 2026",1647,0
2026-04-27,ypEjriCWEYc,"The Blind Man Who Found Adolf Eichmann | Buenos Aires, 1960","Sep 4, 2026",1647,0
2026-04-28,ypEjriCWEYc,"The Blind Man Who Found Adolf Eichmann | Buenos Aires, 1960","Sep 4, 2026",1647,0
2026-04-29,ypEjriCWEYc,"The Blind Man Who Found Adolf Eichmann | Buenos Aires, 1960","Sep 4, 2026",1647,0
2026-04-30,ypEjriCWEYc,"The Blind Man Who Found Adolf Eichmann | Buenos Aires, 1960","Sep 4, 2026",1647,0
2026-05-01,ypEjriCWEYc,"The Blind Man Who Found Adolf Eichmann | Buenos Aires, 1960","Sep 4, 2026",1647,0
2026-05-02,ypEjriCWEYc,"The Blind Man Who Found Adolf Eichmann | Buenos Aires, 1960","Sep 4, 2026",1647,0
2026-05-03,ypEjriCWEYc,"The Blind Man Who Found Adolf Eichmann | Buenos Aires, 1960","Sep 4, 2026",1647,0
2026-05-04,ypEjriCWEYc,"The Blind Man Who Found Adolf Eichmann | Buenos Aires, 1960","Sep 4, 2026",1647,0
2026-05-05,ypEjriCWEYc,"The Blind Man Who Found Adolf Eichmann | Buenos Aires, 1960","Sep 4, 2026",1647,0
2026-05-06,ypEjriCWEYc,"The Blind Man Who Found Adolf Eichmann | Buenos Aires, 1960","Sep 4, 2026",1647,0
2026-05-07,ypEjriCWEYc,"The Blind Man Who Found Adolf Eichmann | Buenos Aires, 1960","Sep 4, 2026",1647,0
2026-05-08,ypEjriCWEYc,"The Blind Man Who Found Adolf Eichmann | Buenos Aires, 1960","Sep 4, 2026",1647,0
2026-05-09,ypEjriCWEYc,"The Blind Man Who Found Adolf Eichmann | Buenos Aires, 1960","Sep 4, 2026",1647,0
2026-05-10,ypEjriCWEYc,"The Blind Man Who Found Adolf Eichmann | Buenos Aires, 1960","Sep 4, 2026",1647,0
2026-05-11,ypEjriCWEYc,"The Blind Man Who Found Adolf Eichmann | Buenos Aires, 1960","Sep 4, 2026",1647,0
2026-05-12,ypEjriCWEYc,"The Blind Man Who Found Adolf Eichmann | Buenos Aires, 1960","Sep 4, 2026",1647,0
2026-05-13,ypEjriCWEYc,"The Blind Man Who Found Adolf Eichmann | Buenos Aires, 1960","Sep 4, 2026",1647,0
2026-05-14,ypEjriCWEYc,"The Blind Man Who Found Adolf Eichmann | Buenos Aires, 1960","Sep 4, 2026",1647,0
2026-05-15,ypEjriCWEYc,"The Blind Man Who Found Adolf Eichmann | Buenos Aires, 1960","Sep 4, 2026",1647,0
2026-05-16,ypEjriCWEYc,"The Blind Man Who Found Adolf Eichmann | Buenos Aires, 1960","Sep 4, 2026",1647,0
2026-05-17,ypEjriCWEYc,"The Blind Man Who Found Adolf Eichmann | Buenos Aires, 1960","Sep 4, 2026",1647,0
2026-05-18,ypEjriCWEYc,"The Blind Man Who Found Adolf Eichmann | Buenos Aires, 1960","Sep 4, 2026",1647,0
2026-05-19,ypEjriCWEYc,"The Blind Man Who Found Adolf Eichmann | Buenos Aires, 1960","Sep 4, 2026",1647,0
2026-05-20,ypEjriCWEYc,"The Blind Man Who Found Adolf Eichmann | Buenos Aires, 1960","Sep 4, 2026",1647,0
2026-05-21,ypEjriCWEYc,"The Blind Man Who Found Adolf Eichmann | Buenos Aires, 1960","Sep 4, 2026",1647,0
2026-05-22,ypEjriCWEYc,"The Blind Man Who Found Adolf Eichmann | Buenos Aires, 1960","Sep 4, 2026",1647,0
2026-05-23,ypEjriCWEYc,"The Blind Man Who Found Adolf Eichmann | Buenos Aires, 1960","Sep 4, 2026",1647,0
2026-05-24,ypEjriCWEYc,"The Blind Man Who Found Adolf Eichmann | Buenos Aires, 1960","Sep 4, 2026",1647,0
2026-05-25,ypEjriCWEYc,"The Blind Man Who Found Adolf Eichmann | Buenos Aires, 1960","Sep 4, 2026",1647,0
2026-05-26,ypEjriCWEYc,"The Blind Man Who Found Adolf Eichmann | Buenos Aires, 1960","Sep 4, 2026",1647,0
2026-05-27,ypEjriCWEYc,"The Blind Man Who Found Adolf Eichmann | Buenos Aires, 1960","Sep 4, 2026",1647,0
2026-05-28,ypEjriCWEYc,"The Blind Man Who Found Adolf Eichmann | Buenos Aires, 1960","Sep 4, 2026",1647,0
2026-05-29,ypEjriCWEYc,"The Blind Man Who Found Adolf Eichmann | Buenos Aires, 1960","Sep 4, 2026",1647,0
2026-05-30,ypEjriCWEYc,"The Blind Man Who Found Adolf Eichmann | Buenos Aires, 1960","Sep 4, 2026",1647,0
2026-05-31,ypEjriCWEYc,"The Blind Man Who Found Adolf Eichmann | Buenos Aires, 1960","Sep 4, 2026",1647,0
2026-06-01,ypEjriCWEYc,"The Blind Man Who Found Adolf Eichmann | Buenos Aires, 1960","Sep 4, 2026",1647,0
2026-06-02,ypEjriCWEYc,"The Blind Man Who Found Adolf Eichmann | Buenos Aires, 1960","Sep 4, 2026",1647,0
2026-06-03,ypEjriCWEYc,"The Blind Man Who Found Adolf Eichmann | Buenos Aires, 1960","Sep 4, 2026",1647,0
2026-06-04,ypEjriCWEYc,"The Blind Man Who Found Adolf Eichmann | Buenos Aires, 1960","Sep 4, 2026",1647,0
2026-06-05,ypEjriCWEYc,"The Blind Man Who Found Adolf Eichmann | Buenos Aires, 1960","Sep 4, 2026",1647,0
2026-06-06,ypEjriCWEYc,"The Blind Man Who Found Adolf Eichmann | Buenos Aires, 1960","Sep 4, 2026",1647,0
2026-06-07,ypEjriCWEYc,"The Blind Man Who Found Adolf Eichmann | Buenos Aires, 1960","Sep 4, 2026",1647,0
2026-06-08,ypEjriCWEYc,"The Blind Man Who Found Adolf Eichmann | Buenos Aires, 1960","Sep 4, 2026",1647,0
2026-06-09,ypEjriCWEYc,"The Blind Man Who Found Adolf Eichmann | Buenos Aires, 1960","Sep 4, 2026",1647,0
2026-06-10,ypEjriCWEYc,"The Blind Man Who Found Adolf Eichmann | Buenos Aires, 1960","Sep 4, 2026",1647,0
2026-06-11,ypEjriCWEYc,"The Blind Man Who Found Adolf Eichmann | Buenos Aires, 1960","Sep 4, 2026",1647,0
2026-06-12,ypEjriCWEYc,"The Blind Man Who Found Adolf Eichmann | Buenos Aires, 1960","Sep 4, 2026",1647,0
2026-06-13,ypEjriCWEYc,"The Blind Man Who Found Adolf Eichmann | Buenos Aires, 1960","Sep 4, 2026",1647,0
2026-06-14,ypEjriCWEYc,"The Blind Man Who Found Adolf Eichmann | Buenos Aires, 1960","Sep 4, 2026",1647,0
2026-06-15,ypEjriCWEYc,"The Blind Man Who Found Adolf Eichmann | Buenos Aires, 1960","Sep 4, 2026",1647,0
2026-06-16,ypEjriCWEYc,"The Blind Man Who Found Adolf Eichmann | Buenos Aires, 1960","Sep 4, 2026",1647,0
2026-06-17,ypEjriCWEYc,"The Blind Man Who Found Adolf Eichmann | Buenos Aires, 1960","Sep 4, 2026",1647,0
2026-06-18,ypEjriCWEYc,"The Blind Man Who Found Adolf Eichmann | Buenos Aires, 1960","Sep 4, 2026",1647,0
2026-06-19,ypEjriCWEYc,"The Blind Man Who Found Adolf Eichmann | Buenos Aires, 1960","Sep 4, 2026",1647,0
2026-06-20,ypEjriCWEYc,"The Blind Man Who Found Adolf Eichmann | Buenos Aires, 1960","Sep 4, 2026",1647,0
2026-06-21,ypEjriCWEYc,"The Blind Man Who Found Adolf Eichmann | Buenos Aires, 1960","Sep 4, 2026",1647,0
2026-06-22,ypEjriCWEYc,"The Blind Man Who Found Adolf Eichmann | Buenos Aires, 1960","Sep 4, 2026",1647,0
2026-06-23,ypEjriCWEYc,"The Blind Man Who Found Adolf Eichmann | Buenos Aires, 1960","Sep 4, 2026",1647,0
2026-06-24,ypEjriCWEYc,"The Blind Man Who Found Adolf Eichmann | Buenos Aires, 1960","Sep 4, 2026",1647,0
2026-06-25,ypEjriCWEYc,"The Blind Man Who Found Adolf Eichmann | Buenos Aires, 1960","Sep 4, 2026",1647,0
2026-06-26,ypEjriCWEYc,"The Blind Man Who Found Adolf Eichmann | Buenos Aires, 1960","Sep 4, 2026",1647,0
2026-06-27,ypEjriCWEYc,"The Blind Man Who Found Adolf Eichmann | Buenos Aires, 1960","Sep 4, 2026",1647,0
2026-06-28,ypEjriCWEYc,"The Blind Man Who Found Adolf Eichmann | Buenos Aires, 1960","Sep 4, 2026",1647,0
2026-06-29,ypEjriCWEYc,"The Blind Man Who Found Adolf Eichmann | Buenos Aires, 1960","Sep 4, 2026",1647,0
2026-06-30,ypEjriCWEYc,"The Blind Man Who Found Adolf Eichmann | Buenos Aires, 1960","Sep 4, 2026",1647,0
2026-07-01,ypEjriCWEYc,"The Blind Man Who Found Adolf Eichmann | Buenos Aires, 1960","Sep 4, 2026",1647,0
2026-07-02,ypEjriCWEYc,"The Blind Man Who Found Adolf Eichmann | Buenos Aires, 1960","Sep 4, 2026",1647,0
2026-07-03,ypEjriCWEYc,"The Blind Man Who Found Adolf Eichmann | Buenos Aires, 1960","Sep 4, 2026",1647,0
2026-07-04,ypEjriCWEYc,"The Blind Man Who Found Adolf Eichmann | Buenos Aires, 1960","Sep 4, 2026",1647,0
2026-07-05,ypEjriCWEYc,"The Blind Man Who Found Adolf Eichmann | Buenos Aires, 1960","Sep 4, 2026",1647,0
2026-07-06,ypEjriCWEYc,"The Blind Man Who Found Adolf Eichmann | Buenos Aires, 1960","Sep 4, 2026",1647,0
2026-07-07,ypEjriCWEYc,"The Blind Man Who Found Adolf Eichmann | Buenos Aires, 1960","Sep 4, 2026",1647,0
2026-07-08,ypEjriCWEYc,"The Blind Man Who Found Adolf Eichmann | Buenos Aires, 1960","Sep 4, 2026",1647,0
2026-07-09,ypEjriCWEYc,"The Blind Man Who Found Adolf Eichmann | Buenos Aires, 1960","Sep 4, 2026",1647,0
2026-07-10,ypEjriCWEYc,"The Blind Man Who Found Adolf Eichmann | Buenos Aires, 1960","Sep 4, 2026",1647,0
2026-07-11,ypEjriCWEYc,"The Blind Man Who Found Adolf Eichmann | Buenos Aires, 1960","Sep 4, 2026",1647,0
2026-07-12,ypEjriCWEYc,"The Blind Man Who Found Adolf Eichmann | Buenos Aires, 1960","Sep 4, 2026",1647,0
2026-07-13,ypEjriCWEYc,"The Blind Man Who Found Adolf Eichmann | Buenos Aires, 1960","Sep 4, 2026",1647,0
2026-07-14,ypEjriCWEYc,"The Blind Man Who Found Adolf Eichmann | Buenos Aires, 1960","Sep 4, 2026",1647,0
2026-07-15,ypEjriCWEYc,"The Blind Man Who Found Adolf Eichmann | Buenos Aires, 1960","Sep 4, 2026",1647,0
2026-07-16,ypEjriCWEYc,"The Blind Man Who Found Adolf Eichmann | Buenos Aires, 1960","Sep 4, 2026",1647,0
2026-07-17,ypEjriCWEYc,"The Blind Man Who Found Adolf Eichmann | Buenos Aires, 1960","Sep 4, 2026",1647,0
2026-07-18,ypEjriCWEYc,"The Blind Man Who Found Adolf Eichmann | Buenos Aires, 1960","Sep 4, 2026",1647,0
2026-07-19,ypEjriCWEYc,"The Blind Man Who Found Adolf Eichmann | Buenos Aires, 1960","Sep 4, 2026",1647,0
2026-07-20,ypEjriCWEYc,"The Blind Man Who Found Adolf Eichmann | Buenos Aires, 1960","Sep 4, 2026",1647,0
2026-07-21,ypEjriCWEYc,"The Blind Man Who Found Adolf Eichmann | Buenos Aires, 1960","Sep 4, 2026",1647,0
2026-07-22,ypEjriCWEYc,"The Blind Man Who Found Adolf Eichmann | Buenos Aires, 1960","Sep 4, 2026",1647,0
2026-07-23,ypEjriCWEYc,"The Blind Man Who Found Adolf Eichmann | Buenos Aires, 1960","Sep 4, 2026",1647,0
2026-07-24,ypEjriCWEYc,"The Blind Man Who Found Adolf Eichmann | Buenos Aires, 1960","Sep 4, 2026",1647,0
2026-07-25,ypEjriCWEYc,"The Blind Man Who Found Adolf Eichmann | Buenos Aires, 1960","Sep 4, 2026",1647,0
2026-07-26,ypEjriCWEYc,"The Blind Man Who Found Adolf Eichmann | Buenos Aires, 1960","Sep 4, 2026",1647,0
2026-07-27,ypEjriCWEYc,"The Blind Man Who Found Adolf Eichmann | Buenos Aires, 1960","Sep 4, 2026",1647,0
2026-07-28,ypEjriCWEYc,"The Blind Man Who Found Adolf Eichmann | Buenos Aires, 1960","Sep 4, 2026",1647,0
2026-07-29,ypEjriCWEYc,"The Blind Man Who Found Adolf Eichmann | Buenos Aires, 1960","Sep 4, 2026",1647,0
2026-07-30,ypEjriCWEYc,"The Blind Man Who Found Adolf Eichmann | Buenos Aires, 1960","Sep 4, 2026",1647,0
2026-07-31,ypEjriCWEYc,"The Blind Man Who Found Adolf Eichmann | Buenos Aires, 1960","Sep 4, 2026",1647,0
2026-08-01,ypEjriCWEYc,"The Blind Man Who Found Adolf Eichmann | Buenos Aires, 1960","Sep 4, 2026",1647,0
2026-08-02,ypEjriCWEYc,"The Blind Man Who Found Adolf Eichmann | Buenos Aires, 1960","Sep 4, 2026",1647,0
2026-08-03,ypEjriCWEYc,"The Blind Man Who Found Adolf Eichmann | Buenos Aires, 1960","Sep 4, 2026",1647,0
2026-08-04,ypEjriCWEYc,"The Blind Man Who Found Adolf Eichmann | Buenos Aires, 1960","Sep 4, 2026",1647,0
2026-08-05,ypEjriCWEYc,"The Blind Man Who Found Adolf Eichmann | Buenos Aires, 1960","Sep 4, 2026",1647,0
2026-08-06,ypEjriCWEYc,"The Blind Man Who Found Adolf Eichmann | Buenos Aires, 1960","Sep 4, 2026",1647,0
2026-08-07,ypEjriCWEYc,"The Blind Man Who Found Adolf Eichmann | Buenos Aires, 1960","Sep 4, 2026",1647,0
2026-08-08,ypEjriCWEYc,"The Blind Man Who Found Adolf Eichmann | Buenos Aires, 1960","Sep 4, 2026",1647,0
2026-08-09,ypEjriCWEYc,"The Blind Man Who Found Adolf Eichmann | Buenos Aires, 1960","Sep 4, 2026",1647,0
2026-08-10,ypEjriCWEYc,"The Blind Man Who Found Adolf Eichmann | Buenos Aires, 1960","Sep 4, 2026",1647,0
2026-08-11,ypEjriCWEYc,"The Blind Man Who Found Adolf Eichmann | Buenos Aires, 1960","Sep 4, 2026",1647,0
2026-08-12,ypEjriCWEYc,"The Blind Man Who Found Adolf Eichmann | Buenos Aires, 1960","Sep 4, 2026",1647,0
2026-08-13,ypEjriCWEYc,"The Blind Man Who Found Adolf Eichmann | Buenos Aires, 1960","Sep 4, 2026",1647,0
2026-08-14,ypEjriCWEYc,"The Blind Man Who Found Adolf Eichmann | Buenos Aires, 1960","Sep 4, 2026",1647,0
2026-08-15,ypEjriCWEYc,"The Blind Man Who Found Adolf Eichmann | Buenos Aires, 1960","Sep 4, 2026",1647,0
2026-08-16,ypEjriCWEYc,"The Blind Man Who Found Adolf Eichmann | Buenos Aires, 1960","Sep 4, 2026",1647,0
2026-08-17,ypEjriCWEYc,"The Blind Man Who Found Adolf Eichmann | Buenos Aires, 1960","Sep 4, 2026",1647,0
2026-08-18,ypEjriCWEYc,"The Blind Man Who Found Adolf Eichmann | Buenos Aires, 1960","Sep 4, 2026",1647,0
2026-08-19,ypEjriCWEYc,"The Blind Man Who Found Adolf Eichmann | Buenos Aires, 1960","Sep 4, 2026",1647,0
2026-08-20,ypEjriCWEYc,"The Blind Man Who Found Adolf Eichmann | Buenos Aires, 1960","Sep 4, 2026",1647,0
2026-08-21,ypEjriCWEYc,"The Blind Man Who Found Adolf Eichmann | Buenos Aires, 1960","Sep 4, 2026",1647,0
2026-08-22,ypEjriCWEYc,"The Blind Man Who Found Adolf Eichmann | Buenos Aires, 1960","Sep 4, 2026",1647,0
2026-08-23,ypEjriCWEYc,"The Blind Man Who Found Adolf Eichmann | Buenos Aires, 1960","Sep 4, 2026",1647,0
2026-08-24,ypEjriCWEYc,"The Blind Man Who Found Adolf Eichmann | Buenos Aires, 1960","Sep 4, 2026",1647,0
2026-08-25,ypEjriCWEYc,"The Blind Man Who Found Adolf Eichmann | Buenos Aires, 1960","Sep 4, 2026",1647,0
2026-08-26,ypEjriCWEYc,"The Blind Man Who Found Adolf Eichmann | Buenos Aires, 1960","Sep 4, 2026",1647,0
2026-08-27,ypEjriCWEYc,"The Blind Man Who Found Adolf Eichmann | Buenos Aires, 1960","Sep 4, 2026",1647,0
2026-08-28,ypEjriCWEYc,"The Blind Man Who Found Adolf Eichmann | Buenos Aires, 1960","Sep 4, 2026",1647,0
2026-08-29,ypEjriCWEYc,"The Blind Man Who Found Adolf Eichmann | Buenos Aires, 1960","Sep 4, 2026",1647,0
2026-08-30,ypEjriCWEYc,"The Blind Man Who Found Adolf Eichmann | Buenos Aires, 1960","Sep 4, 2026",1647,0
2026-08-31,ypEjriCWEYc,"The Blind Man Who Found Adolf Eichmann | Buenos Aires, 1960","Sep 4, 2026",1647,0
2026-09-01,ypEjriCWEYc,"The Blind Man Who Found Adolf Eichmann | Buenos Aires, 1960","Sep 4, 2026",1647,0
2026-09-02,ypEjriCWEYc,"The Blind Man Who Found Adolf Eichmann | Buenos Aires, 1960","Sep 4, 2026",1647,0
2026-09-03,ypEjriCWEYc,"The Blind Man Who Found Adolf Eichmann | Buenos Aires, 1960","Sep 4, 2026",1647,0
2026-09-04,ypEjriCWEYc,"The Blind Man Who Found Adolf Eichmann | Buenos Aires, 1960","Sep 4, 2026",1647,1
2026-09-05,ypEjriCWEYc,"The Blind Man Who Found Adolf Eichmann | Buenos Aires, 1960","Sep 4, 2026",1647,7
2026-09-06,ypEjriCWEYc,"The Blind Man Who Found Adolf Eichmann | Buenos Aires, 1960","Sep 4, 2026",1647,4
2026-09-07,ypEjriCWEYc,"The Blind Man Who Found Adolf Eichmann | Buenos Aires, 1960","Sep 4, 2026",1647,2
2026-09-08,ypEjriCWEYc,"The Blind Man Who Found Adolf Eichmann | Buenos Aires, 1960","Sep 4, 2026",1647,2
2026-09-09,ypEjriCWEYc,"The Blind Man Who Found Adolf Eichmann | Buenos Aires, 1960","Sep 4, 2026",1647,2
2026-09-10,ypEjriCWEYc,"The Blind Man Who Found Adolf Eichmann | Buenos Aires, 1960","Sep 4, 2026",1647,0
2026-09-11,ypEjriCWEYc,"The Blind Man Who Found Adolf Eichmann | Buenos Aires, 1960","Sep 4, 2026",1647,3
2026-09-12,ypEjriCWEYc,"The Blind Man Who Found Adolf Eichmann | Buenos Aires, 1960","Sep 4, 2026",1647,1
2026-09-13,ypEjriCWEYc,"The Blind Man Who Found Adolf Eichmann | Buenos Aires, 1960","Sep 4, 2026",1647,0
2026-09-14,ypEjriCWEYc,"The Blind Man Who Found Adolf Eichmann | Buenos Aires, 1960","Sep 4, 2026",1647,0
2026-09-15,ypEjriCWEYc,"The Blind Man Who Found Adolf Eichmann | Buenos Aires, 1960","Sep 4, 2026",1647,0
2026-09-16,ypEjriCWEYc,"The Blind Man Who Found Adolf Eichmann | Buenos Aires, 1960","Sep 4, 2026",1647,0
2026-09-17,ypEjriCWEYc,"The Blind Man Who Found Adolf Eichmann | Buenos Aires, 1960","Sep 4, 2026",1647,0
2026-09-18,ypEjriCWEYc,"The Blind Man Who Found Adolf Eichmann | Buenos Aires, 1960","Sep 4, 2026",1647,0
2026-09-19,ypEjriCWEYc,"The Blind Man Who Found Adolf Eichmann | Buenos Aires, 1960","Sep 4, 2026",1647,0
2026-09-20,ypEjriCWEYc,"The Blind Man Who Found Adolf Eichmann | Buenos Aires, 1960","Sep 4, 2026",1647,0
2026-09-21,ypEjriCWEYc,"The Blind Man Who Found Adolf Eichmann | Buenos Aires, 1960","Sep 4, 2026",1647,0
2026-09-22,ypEjriCWEYc,"The Blind Man Who Found Adolf Eichmann | Buenos Aires, 1960","Sep 4, 2026",1647,0
2026-09-23,ypEjriCWEYc,"The Blind Man Who Found Adolf Eichmann | Buenos Aires, 1960","Sep 4, 2026",1647,0
2026-09-24,ypEjriCWEYc,"The Blind Man Who Found Adolf Eichmann | Buenos Aires, 1960","Sep 4, 2026",1647,0
2026-09-25,ypEjriCWEYc,"The Blind Man Who Found Adolf Eichmann | Buenos Aires, 1960","Sep 4, 2026",1647,0
2026-09-26,ypEjriCWEYc,"The Blind Man Who Found Adolf Eichmann | Buenos Aires, 1960","Sep 4, 2026",1647,0
2026-09-27,ypEjriCWEYc,"The Blind Man Who Found Adolf Eichmann | Buenos Aires, 1960","Sep 4, 2026",1647,0
2026-09-28,ypEjriCWEYc,"The Blind Man Who Found Adolf Eichmann | Buenos Aires, 1960","Sep 4, 2026",1647,0
2026-09-29,ypEjriCWEYc,"The Blind Man Who Found Adolf Eichmann | Buenos Aires, 1960","Sep 4, 2026",1647,0
2026-09-30,ypEjriCWEYc,"The Blind Man Who Found Adolf Eichmann | Buenos Aires, 1960","Sep 4, 2026",1647,0
2026-10-01,ypEjriCWEYc,"The Blind Man Who Found Adolf Eichmann | Buenos Aires, 1960","Sep 4, 2026",1647,0
2026-10-02,ypEjriCWEYc,"The Blind Man Who Found Adolf Eichmann | Buenos Aires, 1960","Sep 4, 2026",1647,0
2026-10-03,ypEjriCWEYc,"The Blind Man Who Found Adolf Eichmann | Buenos Aires, 1960","Sep 4, 2026",1647,0
2026-10-04,ypEjriCWEYc,"The Blind Man Who Found Adolf Eichmann | Buenos Aires, 1960","Sep 4, 2026",1647,0
2026-10-05,ypEjriCWEYc,"The Blind Man Who Found Adolf Eichmann | Buenos Aires, 1960","Sep 4, 2026",1647,0
2026-10-06,ypEjriCWEYc,"The Blind Man Who Found Adolf Eichmann | Buenos Aires, 1960","Sep 4, 2026",1647,0
2026-10-07,ypEjriCWEYc,"The Blind Man Who Found Adolf Eichmann | Buenos Aires, 1960","Sep 4, 2026",1647,0
